animal_id,animal_type,sex,yrs,mnth,breed,color_prim,color_sec,los,intake_type,intake_subtype,intake_date,outcome_type,outcome_subtype,outcome_date
A260028,CAT,M,0,3,DOMESTIC SH,TAB MAC WH,ORANGE,30,OWNER SUR,EVALUATION,1/2/18,EUTH,SICK-OTHER,1/2/18
A260026,OTHER,M,1,10,HAMSTER,BLACK,WHITE,30,OWNER SUR,EVALUATION,1/2/18,ADOPTION,NEW OWNER,1/16/18
A259946,OTHER,F,0,1,GUINEA PIG,BROWN,WHITE,62,BRN N CARE,TRNSFR-EXT,12/1/17,ADOPTION,NEW OWNER,1/5/18
A259948,OTHER,M,0,1,GUINEA PIG,WHITE,BROWN,62,BRN N CARE,TRNSFR-EXT,12/1/17,ADOPTION,NEW OWNER,1/10/18
A259274,CAT,N,0,2,DOMESTIC SH,TAB MAC WH,GRAY,89,BRN N CARE,TRNSFR-EXT,11/4/17,ADOPTION,NEW OWNER,1/11/18
A259275,CAT,S,0,2,DOMESTIC SH,TAB MAC WH,BROWN,89,BRN N CARE,TRNSFR-EXT,11/4/17,ADOPTION,NEW OWNER,1/12/18
A259268,CAT,S,0,2,DOMESTIC SH,GRAY,TAB MACKRL,89,BRN N CARE,TRNSFR-EXT,11/4/17,ADOPTION,NEW OWNER,1/12/18
A259269,CAT,S,0,2,DOMESTIC SH,TAB MAC WH,BROWN,89,BRN N CARE,TRNSFR-EXT,11/4/17,ADOPTION,NEW OWNER,1/13/18
A260025,DOG,N,2,0,MIX THAT LOOKS LIKE A AMER BULLDOG,WHITE,BLACK,30,OWNER SUR,EVALUATION,1/2/18,ADOPTION,TIER 3,1/17/18
A260037,OTHER,F,1,0,GUINEA PIG,WHITE,BLACK,30,OWNER SUR,EVALUATION,1/2/18,ADOPTION,NEW OWNER,1/18/18
A260036,OTHER,F,1,0,GUINEA PIG,RED,,30,OWNER SUR,EVALUATION,1/2/18,ADOPTION,NEW OWNER,1/18/18
A258244,CAT,N,3,0,DOMESTIC SH,TAB MAC WH,BROWN,148,CONFISCATE,ABANDONED,9/6/17,ADOPTION,NEW OWNER,1/6/18
A255965,DOG,S,11,0,LHASA APSO / SHIH TZU,TAN,WHITE,268,CONFISCATE,ABANDONED,5/9/17,ADOPTION,NEW OWNER,1/17/18
A260030,CAT,N,0,4.5,DOMESTIC SH,BLACK,WHITE,30,STRAY,STRAY,1/2/18,ADOPTION,NEW OWNER,1/13/18
A260038,CAT,N,5,6,DOMESTIC SH,BLACK,WHITE,30,STRAY,STRAY,1/2/18,RTF,UNADPTBLE,1/16/18
A260032,CAT,N,1,0,DOMESTIC SH,TAB MAC WH,ORANGE,30,STRAY,STRAY,1/2/18,ADOPTION,NEW OWNER,1/24/18
A260029,CAT,S,0,6,DOMESTIC SH,TORBIE,WHITE,30,STRAY,STRAY,1/2/18,,,
A260033,CAT,F,15,0,DOMESTIC LH,TAB MACKRL,BROWN,30,TRNSFR-EXT,RESCUE GRP,1/2/18,RTO,UNADPTBLE,1/6/18
A260043,DOG,N,0,6,POODLE STND,APRICOT,,29,OWNER SUR,EVALUATION,1/3/18,ADOPTION,NEW OWNER,1/6/18
A260509,OTHER,F,0,1,GUINEA PIG,GRAY,WHITE,29,OWNER SUR,EVALUATION,1/3/18,DIED,FOSTERCARE,1/21/18
A260508,OTHER,U,0,1,GUINEA PIG,TRICOLOR,,29,OWNER SUR,EVALUATION,1/3/18,DIED,FOSTERCARE,1/21/18
A260062,OTHER,M,4,0,GUINEA PIG,TORTIE,WHITE,29,OWNER SUR,EVALUATION,1/3/18,,,
A260061,OTHER,M,4,0,GUINEA PIG,TORTIE-DIL,WHITE,29,OWNER SUR,EVALUATION,1/3/18,,,
A260505,OTHER,M,0,1,GUINEA PIG,BLACK,,29,OWNER SUR,EVALUATION,1/3/18,,,
A260507,OTHER,M,0,1,GUINEA PIG,BROWN,WHITE,29,OWNER SUR,EVALUATION,1/3/18,,,
A260506,OTHER,M,0,1,GUINEA PIG,BLACK,WHITE,29,OWNER SUR,EVALUATION,1/3/18,,,
A260044,CAT,M,5,6,DOMESTIC SH,BLACK,WHITE,29,STRAY,STRAY,1/3/18,EUTH,SICK-OTHER,1/5/18
A260059,CAT,N,0,4.5,DOMESTIC SH,BLACK,,29,STRAY,STRAY,1/3/18,RELEASE,TNR,1/9/18
A260055,CAT,N,2,6,DOMESTIC SH,TAB MAC WH,GRAY,29,STRAY,STRAY,1/3/18,RELEASE,TNR,1/9/18
A260058,CAT,S,0,4.5,DOMESTIC SH,TAB MACKRL,GRAY,29,STRAY,STRAY,1/3/18,RELEASE,TNR,1/9/18
A260057,CAT,S,0,5,DOMESTIC SH,BLACK,WHITE,29,STRAY,STRAY,1/3/18,RELEASE,TNR,1/9/18
A260060,CAT,N,3,6,DOMESTIC SH,BLACK,,29,STRAY,STRAY,1/3/18,RELEASE,TNR,1/9/18
A260052,CAT,S,3,6,DOMESTIC SH,BLACK,,29,STRAY,STRAY,1/3/18,TRNSFR-EXT,RESCUE GRP,1/11/18
A260056,CAT,S,0,5,DOMESTIC SH,GRAY,WHITE,29,STRAY,STRAY,1/3/18,TRNSFR-EXT,RESCUE GRP,1/11/18
A260054,CAT,N,1,6,DOMESTIC SH,BLACK,WHITE,29,STRAY,STRAY,1/3/18,ADOPTION,SPEC ADOPT,1/21/18
A260050,CAT,S,0,1.3,DOMESTIC SH,TAB TICK,BROWN,29,STRAY,STRAY,1/3/18,ADOPTION,AMBASSADOR,1/24/18
A260053,CAT,N,0,4.5,DOMESTIC SH,BLACK,,29,STRAY,STRAY,1/3/18,,,
A260039,DOG,S,4,0,MIX THAT LOOKS LIKE A REDBONE HOUND,BROWN,,29,TRNSFR-EXT,ACO,1/3/18,ADOPTION,NEW OWNER,1/23/18
A260047,CAT,S,8,0,DOMESTIC LH,TORTIE,,29,TRNSFR-EXT,RESCUE GRP,1/3/18,ADOPTION,SPEC ADOPT,1/13/18
A251582,BIRD,U,1,0,GOOSE-CANADA,BROWN,WHITE,562,CONFISCATE,LAW ENFORC,7/19/16,,,
A251616,OTHER,S,1,0,DUTCH,BROWN,WHITE,561,CONFISCATE,LAW ENFORC,7/20/16,,,
A251630,OTHER,S,1,0,MIX THAT LOOKS LIKE A LIONHEAD,WHITE,BROWN,561,CONFISCATE,LAW ENFORC,7/20/16,,,
A251631,OTHER,S,0,1,MIX THAT LOOKS LIKE A RABBIT SH,GRAY,,561,CONFISCATE,LAW ENFORC,7/20/16,,,
A251632,OTHER,N,0,1,MIX THAT LOOKS LIKE A RABBIT LH,ALBINO,,561,CONFISCATE,LAW ENFORC,7/20/16,,,
A251640,OTHER,S,1,1,MIX THAT LOOKS LIKE A RABBIT SH,BLACK,WHITE,561,CONFISCATE,LAW ENFORC,7/20/16,,,
A251627,OTHER,N,0,0.5,MIX THAT LOOKS LIKE A LOP-FRENCH,TORTIE,,561,CONFISCATE,LAW ENFORC,7/20/16,,,
A251634,OTHER,N,0,5,MIX THAT LOOKS LIKE A RABBIT LH,BLACK,,561,CONFISCATE,LAW ENFORC,7/20/16,,,
A251642,OTHER,N,0,1,MIX THAT LOOKS LIKE A RABBIT SH,WHITE,,561,CONFISCATE,LAW ENFORC,7/20/16,,,
A251643,OTHER,S,0,1,MIX THAT LOOKS LIKE A RABBIT SH,WHITE,,561,CONFISCATE,LAW ENFORC,7/20/16,,,
A251617,OTHER,N,1,0,RABBIT SH,BUFF,,561,CONFISCATE,LAW ENFORC,7/20/16,,,
A251636,OTHER,S,1,1,MIX THAT LOOKS LIKE A ANGORA-ENGLISH,GRAY,,561,CONFISCATE,LAW ENFORC,7/20/16,,,
A251621,OTHER,S,1,0,MIX THAT LOOKS LIKE A LIONHEAD,TORTIE-DIL,,561,CONFISCATE,LAW ENFORC,7/20/16,,,
A251625,OTHER,N,0,0.5,MIX THAT LOOKS LIKE A LOP-FRENCH,TAN,,561,CONFISCATE,LAW ENFORC,7/20/16,,,
A251644,LIVESTOCK,F,5,0,POTBELLY PIG,BLACK,WHITE,561,CONFISCATE,LAW ENFORC,7/20/16,,,
A251638,OTHER,S,1,1,MIX THAT LOOKS LIKE A LOP-FRENCH,BROWN,,561,CONFISCATE,LAW ENFORC,7/20/16,,,
A251637,OTHER,S,1,1,MIX THAT LOOKS LIKE A LIONHEAD,BUFF,TORTIE,561,CONFISCATE,LAW ENFORC,7/20/16,,,
A251623,OTHER,S,0,0,MIX THAT LOOKS LIKE A RABBIT SH,TAN,BLACK,561,CONFISCATE,LAW ENFORC,7/20/16,,,
A251624,OTHER,S,4,0,MIX THAT LOOKS LIKE A LOP-FRENCH,TAN,,561,CONFISCATE,LAW ENFORC,7/20/16,,,
A251629,OTHER,S,1,0.5,MIX THAT LOOKS LIKE A AMERICAN,GRAY,AGOUTI,561,CONFISCATE,LAW ENFORC,7/20/16,,,
A251618,OTHER,S,1,0,MIX THAT LOOKS LIKE A LIONHEAD,GRAY,BLACK,561,CONFISCATE,LAW ENFORC,7/20/16,,,
A251633,OTHER,N,0,1,MIX THAT LOOKS LIKE A RABBIT SH,BLK SMOKE,,561,CONFISCATE,LAW ENFORC,7/20/16,,,
A251619,OTHER,S,1,0,MIX THAT LOOKS LIKE A LIONHEAD,ALBINO,,561,CONFISCATE,LAW ENFORC,7/20/16,,,
A251620,OTHER,S,1,0,MIX THAT LOOKS LIKE A RABBIT SH,BROWN,WHITE,561,CONFISCATE,LAW ENFORC,7/20/16,,,
A251622,OTHER,N,0,0,MIX THAT LOOKS LIKE A RABBIT SH,BUFF,,561,CONFISCATE,LAW ENFORC,7/20/16,,,
A251626,OTHER,N,0,0.5,MIX THAT LOOKS LIKE A LOP-FRENCH,TAN,,561,CONFISCATE,LAW ENFORC,7/20/16,,,
A251628,OTHER,N,0,0.5,MIX THAT LOOKS LIKE A LOP-FRENCH,TAN,,561,CONFISCATE,LAW ENFORC,7/20/16,,,
A259515,DOG,N,0,1,SHIH TZU,WHITE,BROWN,71,CONFISCATE,LAW ENFORC,11/22/17,ADOPTION,NEW OWNER,1/3/18
A259507,DOG,S,2,0,SHIH TZU,BROWN,WHITE,71,CONFISCATE,LAW ENFORC,11/22/17,ADOPTION,NEW OWNER,1/5/18
A259516,DOG,N,0,1,SHIH TZU,WHITE,BLACK,71,CONFISCATE,LAW ENFORC,11/22/17,ADOPTION,NEW OWNER,1/6/18
A259513,CAT,N,5,0,SIAMESE,PT-CHOCOLA,,71,CONFISCATE,LAW ENFORC,11/22/17,ADOPTION,NEW OWNER,1/6/18
A259508,DOG,F,6,0,SHIH TZU,BLACK,WHITE,71,CONFISCATE,LAW ENFORC,11/22/17,ADOPTION,NEW OWNER,1/9/18
A259518,DOG,S,0,1,SHIH TZU,WHITE,BLACK,71,CONFISCATE,LAW ENFORC,11/22/17,ADOPTION,NEW OWNER,1/17/18
A259498,DOG,S,0,2.5,SHIH TZU,BROWN,,71,CONFISCATE,LAW ENFORC,11/22/17,ADOPTION,NEW OWNER,1/19/18
A259511,DOG,S,0,0.5,SHIH TZU,WHITE,BROWN,71,CONFISCATE,LAW ENFORC,11/22/17,ADOPTION,NEW OWNER,1/24/18
A259512,DOG,N,0,0.5,SHIH TZU,WHITE,BROWN,71,CONFISCATE,LAW ENFORC,11/22/17,ADOPTION,NEW OWNER,1/29/18
A260020,LIVESTOCK,F,16,0,PONY,BROWN,,33,CONFISCATE,LAW ENFORC,12/30/17,,,
A260021,LIVESTOCK,N,11,0,DONKEY,GRAY,,33,CONFISCATE,LAW ENFORC,12/30/17,,,
A259232,DOG,S,3,0,CHIHUAHUA SH,TAN,,91,HMHL,SPAY,11/2/17,ADOPTION,TIER 1,1/25/18
A260048,CAT,N,10,0,DOMESTIC LH,TAB MACKRL,ORANGE,29,TRNSFR-EXT,RESCUE GRP,1/3/18,ADOPTION,NEW OWNER,1/24/18
A260049,CAT,S,2,0,DOMESTIC SH,TAB MACKRL,ORANGE,29,TRNSFR-EXT,RESCUE GRP,1/3/18,ADOPTION,SPEC ADOPT,1/24/18
A260042,BIRD,F,1,0,DUCK-MALLARD,BROWN,BLACK,29,WILDLIFE,WILDLIFE,1/3/18,TRNSFR-EXT,NEWC,1/6/18
A260063,DOG,S,13,0,BELG MALINOIS,BLACK,TAN,28,STRAY,STRAY,1/4/18,RTO,OWNER,1/5/18
A260066,DOG,S,3,0,PIT BULL,BRINDLE-DI,WHITE,27,CONFISCATE,EVICTION,1/5/18,TRNSFR-EXT,ACO,1/7/18
A260065,CAT,S,10,0,DOMESTIC LH,BLACK,,27,CONFISCATE,EVICTION,1/5/18,ADOPTION,NEW OWNER,1/13/18
A260068,DOG,N,1,0,MIX THAT LOOKS LIKE A BEAGLE,BLACK,WHITE,27,STRAY,STRAY,1/5/18,RTO,OWNER,1/5/18
A260067,CAT,N,2,6,DOMESTIC SH,BLACK,,27,STRAY,STRAY,1/5/18,RELEASE,TNR,1/10/18
A260071,CAT,N,2,6,DOMESTIC SH,TAB SPOT,BROWN,27,STRAY,STRAY,1/5/18,ADOPTION,NEW OWNER,1/26/18
A260069,CAT,N,0,1.2,DOMESTIC SH,BLACK,,27,STRAY,STRAY,1/5/18,,,
A260064,BIRD,U,1,0,DOVE-ROCK,GRAY,,27,WILDLIFE,WILDLIFE,1/5/18,EUTH,INJURED,1/5/18
A260070,BIRD,U,1,0,DOVE-ROCK,GRAY,,27,WILDLIFE,WILDLIFE,1/5/18,EUTH,INJURED,1/5/18
A260086,DOG,S,3,0,AUST CATTLE DOG,BLUE MERLE,,26,CONFISCATE,JAIL,1/6/18,RTO,OWNER,1/7/18
A260072,CAT,F,15,0,DOMESTIC SH,BLACK,,26,OWNER SUR,EUTH REQ,1/6/18,EUTH,OWN REQ,1/6/18
A259277,DOG,N,14,0,MIX THAT LOOKS LIKE A BORDER COLLIE,BLACK,WHITE,89,OWNER SUR,EUTH REQ,11/4/17,,,
A254166,BIRD,F,0,8,PHEASANT-GOLDEN,GOLD,,415,OWNER SUR,EVALUATION,12/13/16,,,
A259454,CAT,S,2,0,DOMESTIC SH,TAB MAC WH,BROWN,75,OWNER SUR,EVALUATION,11/18/17,,,
A259546,LIVESTOCK,S,1,6,PIG,GRAY,BLACK,68,OWNER SUR,EVALUATION,11/25/17,,,
A259597,OTHER,F,1,0,GUINEA PIG,TRICOLOR,,65,OWNER SUR,EVALUATION,11/28/17,,,
A247894,CAT,N,13,0,DOMESTIC SH,TAB CLASSI,GRAY,65,OWNER SUR,EVALUATION,11/28/17,,,
A259596,OTHER,F,1,0,GUINEA PIG,TAN,WHITE,65,OWNER SUR,EVALUATION,11/28/17,,,
A259670,OTHER,F,1,6,GUINEA PIG,TRICOLOR,,62,OWNER SUR,EVALUATION,12/1/17,,,
A259794,CAT,S,8,0,DOMESTIC SH,WHITE,BLACK,52,OWNER SUR,EVALUATION,12/11/17,,,
A259870,LIVESTOCK,N,3,9,POTBELLY PIG,BLACK,,46,OWNER SUR,EVALUATION,12/17/17,,,
A259873,LIVESTOCK,N,3,0,PIG,BLACK,,45,OWNER SUR,EVALUATION,12/18/17,,,
A256701,CAT,S,12,0,DOMESTIC SH,TAB CLS WH,BROWN,43,OWNER SUR,EVALUATION,12/20/17,,,
A260077,CAT,S,1,8,DOMESTIC SH,TORBIE,,26,OWNER SUR,EVALUATION,1/6/18,ADOPTION,NEW OWNER,1/13/18
A260078,CAT,S,3,1,DOMESTIC SH,BLACK,WHITE,26,OWNER SUR,EVALUATION,1/6/18,ADOPTION,NEW OWNER,1/13/18
A260080,OTHER,M,1,10,GUINEA PIG,WHITE,BROWN,26,OWNER SUR,EVALUATION,1/6/18,ADOPTION,NEW OWNER,1/21/18
A260085,OTHER,S,2,0,MIX THAT LOOKS LIKE A DWARF HOTOT,WHITE,BLACK,26,OWNER SUR,EVALUATION,1/6/18,ADOPTION,NEW OWNER,1/31/18
A247597,CAT,S,0,0.2,DOMESTIC SH,GRAY,WHITE,26,RETURN,ADOPTION,1/6/18,,,
A233424,CAT,N,4,0,DOMESTIC SH,ORANGE,WHITE,26,STRAY,STRAY,1/6/18,RTO,MICROCHIP,1/6/18
A260083,CAT,S,5,0,DOMESTIC SH,CALICO-DIL,,26,STRAY,STRAY,1/6/18,RTO,MICROCHIP,1/9/18
A260073,CAT,S,2,0,DOMESTIC SH,BLACK,,26,STRAY,STRAY,1/6/18,ADOPTION,NEW OWNER,1/12/18
A259470,CAT,S,1,6,DOMESTIC SH,BLACK,,26,STRAY,STRAY,1/6/18,ADOPTION,NEW OWNER,1/12/18
A259687,CAT,N,0,7,DOMESTIC SH,BLACK,WHITE,26,STRAY,STRAY,1/6/18,ADOPTION,NEW OWNER,1/12/18
A260074,CAT,N,3,0,DOMESTIC LH,TAB MAC WH,BROWN,26,STRAY,STRAY,1/6/18,ADOPTION,NEW OWNER,1/13/18
A260081,CAT,N,5,0,DOMESTIC SH,ORANGE,,26,STRAY,STRAY,1/6/18,ADOPTION,SPEC ADOPT,1/25/18
A260082,BIRD,U,1,0,DOVE-ROCK,GRAY,,26,WILDLIFE,WILDLIFE,1/6/18,EUTH,INJURED,1/6/18
A259468,BIRD,U,3,0,PARAKEET,GREEN,YELLOW,75,OWNER SUR,EVALUATION,11/18/17,ADOPTION,NEW OWNER,1/2/18
A259463,BIRD,U,3,0,PARAKEET,GREEN,YELLOW,75,OWNER SUR,EVALUATION,11/18/17,ADOPTION,NEW OWNER,1/2/18
A248445,OTHER,N,2,0,RABBIT SH,BLACK,,62,OWNER SUR,EVALUATION,12/1/17,ADOPTION,NEW OWNER,1/2/18
A259821,CAT,S,8,4,DOMESTIC LH,TORBIE,,50,OWNER SUR,EVALUATION,12/13/17,ADOPTION,NEW OWNER,1/2/18
A244936,CAT,N,2,6,DOMESTIC SH,BLACK,WHITE,43,OWNER SUR,EVALUATION,12/20/17,ADOPTION,NEW OWNER,1/2/18
A259917,CAT,S,1,0,DOMESTIC SH,CALICO,,42,OWNER SUR,EVALUATION,12/21/17,ADOPTION,NEW OWNER,1/2/18
A246112,CAT,N,0,1,DOMESTIC SH,ORANGE,TAB MAC WH,25,OWNER SUR,EUTH REQ,1/7/18,EUTH,OWN REQ,1/7/18
A259798,CAT,S,12,0,DOMESTIC SH,TAB CLS WH,,51,OWNER SUR,EVALUATION,12/12/17,ADOPTION,NEW OWNER,1/5/18
A259842,CAT,N,12,0,DOMESTIC SH,WHITE,,48,OWNER SUR,EVALUATION,12/15/17,EUTH,SICK-OTHER,1/5/18
A259937,DOG,S,7,0,MIX THAT LOOKS LIKE A BEAGLE,BLACK,TAN,40,OWNER SUR,EVALUATION,12/23/17,ADOPTION,TIER 3,1/5/18
A259938,DOG,S,13,0,MIX THAT LOOKS LIKE A OLDENG SHEEPDOG,GRAY,WHITE,40,OWNER SUR,EVALUATION,12/23/17,EUTH,SICK-OTHER,1/5/18
A259711,OTHER,M,1,6,RAT,BLACK,,58,OWNER SUR,EVALUATION,12/5/17,EUTH,SICK-OTHER,1/6/18
A259961,CAT,S,5,5.7,DOMESTIC SH,TORBIE,WHITE,37,OWNER SUR,EVALUATION,12/26/17,ADOPTION,NEW OWNER,1/6/18
A259880,OTHER,N,0,6,REX,GRAY,WHITE,25,RETURN,ADOPTION,1/7/18,ADOPTION,NEW OWNER,1/11/18
A259838,CAT,N,8,0,DOMESTIC SH,BLACK,WHITE,48,OWNER SUR,EVALUATION,12/15/17,ADOPTION,NEW OWNER,1/7/18
A260022,CAT,N,0,9,DOMESTIC SH,TAB CLS WH,ORANGE,33,OWNER SUR,EVALUATION,12/30/17,ADOPTION,NEW OWNER,1/7/18
A259897,CAT,S,10,10,DOMESTIC SH,TAB MACKRL,ORANGE,43,OWNER SUR,EVALUATION,12/20/17,ADOPTION,NEW OWNER,1/9/18
A259932,CAT,S,1,0,DOMESTIC SH,TORTIE,,41,OWNER SUR,EVALUATION,12/22/17,ADOPTION,NEW OWNER,1/10/18
A259710,OTHER,M,1,6,RAT,BLACK,,58,OWNER SUR,EVALUATION,12/5/17,ADOPTION,NEW OWNER,1/11/18
A259860,BIRD,U,14,9,COCKATIEL,GRAY,YELLOW,47,OWNER SUR,EVALUATION,12/16/17,ADOPTION,NEW OWNER,1/11/18
A260089,CAT,N,1,0,DOMESTIC SH,BLACK,,25,STRAY,STRAY,1/7/18,,,
A260109,DOG,F,2,1,MIX THAT LOOKS LIKE A COCKER SPAN,BLACK,,24,TRNSFR-EXT,RESCUE GRP,1/8/18,,,
A259607,DOG,N,9,4,MIX THAT LOOKS LIKE A CHIHUAHUA SH,BLACK,WHITE,64,OWNER SUR,EVALUATION,11/29/17,ADOPTION,TIER 3,1/13/18
A259681,BIRD,U,40,0,PARROT,GREEN,YELLOW,61,OWNER SUR,EVALUATION,12/2/17,ADOPTION,NEW OWNER,1/13/18
A259760,CAT,N,10,6,DOMESTIC SH,TAB MACKRL,BROWN,55,OWNER SUR,EVALUATION,12/8/17,ADOPTION,NEW OWNER,1/13/18
A260002,DOG,S,8,0,GERM SHEPHERD,BLACK,TAN,35,OWNER SUR,EVALUATION,12/28/17,ADOPTION,TIER 2,1/13/18
A260096,DOG,S,4,0,MIX THAT LOOKS LIKE A BEAGLE,WHITE,BROWN,24,TRNSFR-EXT,RESCUE GRP,1/8/18,,,
A260102,DOG,N,12,0,MIX THAT LOOKS LIKE A SHIH TZU,WHITE,GRAY,24,TRNSFR-EXT,RESCUE GRP,1/8/18,DIED,AT SHELTER,1/12/18
A260104,DOG,N,1,0,MIX THAT LOOKS LIKE A GERM SHEPHERD,BRINDLE,BROWN,24,TRNSFR-EXT,RESCUE GRP,1/8/18,ADOPTION,TIER 2,1/13/18
A259603,DOG,N,4,0,MIX THAT LOOKS LIKE A GERM SHEPHERD,BLACK,WHITE,64,OWNER SUR,EVALUATION,11/29/17,ADOPTION,TIER 3,1/14/18
A260015,CAT,S,7,0,DOMESTIC SH,TAB CLASSI,BROWN,33,OWNER SUR,EVALUATION,12/30/17,ADOPTION,NEW OWNER,1/14/18
A260105,DOG,N,1,3,MIX THAT LOOKS LIKE A RHOD RIDGEBACK,FAWN,,24,TRNSFR-EXT,RESCUE GRP,1/8/18,ADOPTION,NEW OWNER,1/13/18
A259906,OTHER,F,2,0,GUINEA PIG,CREAM,,42,OWNER SUR,EVALUATION,12/21/17,ADOPTION,NEW OWNER,1/17/18
A260093,DOG,N,0,8,MIX THAT LOOKS LIKE A AMER ESKIMO,CREAM,WHITE,24,TRNSFR-EXT,RESCUE GRP,1/8/18,ADOPTION,TIER 2,1/13/18
A257200,OTHER,S,0,2.5,RABBIT LH,WHITE,,201,OWNER SUR,EVALUATION,7/15/17,ADOPTION,NEW OWNER,1/18/18
A259617,CAT,S,2,0,DOMESTIC SH,TORTIE-DIL,,63,OWNER SUR,EVALUATION,11/30/17,ADOPTION,NEW OWNER,1/18/18
A260108,DOG,S,2,0,MIX THAT LOOKS LIKE A BEAGLE,RED,BLACK,24,TRNSFR-EXT,RESCUE GRP,1/8/18,ADOPTION,NEW OWNER,1/14/18
A260103,DOG,S,1,0,MIX THAT LOOKS LIKE A WHIPPET,WHITE,TAN,24,TRNSFR-EXT,RESCUE GRP,1/8/18,ADOPTION,NEW OWNER,1/14/18
A260100,DOG,N,1,0,MIX THAT LOOKS LIKE A LABRADOR RETR,BLACK,WHITE,24,TRNSFR-EXT,RESCUE GRP,1/8/18,ADOPTION,TIER 2,1/14/18
A260107,DOG,N,2,0,MIX THAT LOOKS LIKE A BEAGLE,BLACK,TAN,24,TRNSFR-EXT,RESCUE GRP,1/8/18,ADOPTION,NEW OWNER,1/14/18
A260106,DOG,S,0,9,MIX THAT LOOKS LIKE A LABRADOR RETR,TAN,WHITE,24,TRNSFR-EXT,RESCUE GRP,1/8/18,ADOPTION,NEW OWNER,1/14/18
A259889,CAT,S,5,0,DOMESTIC SH,TAB MACKRL,GRAY,44,OWNER SUR,EVALUATION,12/19/17,ADOPTION,NEW OWNER,1/19/18
A259898,CAT,N,12,4,DOMESTIC SH,TAB CLASSI,BROWN,43,OWNER SUR,EVALUATION,12/20/17,ADOPTION,NEW OWNER,1/19/18
A260101,DOG,S,1,6,MIX THAT LOOKS LIKE A LABRADOR RETR,BLACK,,24,TRNSFR-EXT,RESCUE GRP,1/8/18,ADOPTION,SPEC ADOPT,1/15/18
A260095,DOG,N,1,6,MIX THAT LOOKS LIKE A AUST SHEPHERD,TRICOLOR,,24,TRNSFR-EXT,RESCUE GRP,1/8/18,ADOPTION,TIER 3,1/17/18
A260099,DOG,N,1,0,MIX THAT LOOKS LIKE A PARSON RUSS TER,WHITE,TAN,24,TRNSFR-EXT,RESCUE GRP,1/8/18,ADOPTION,TIER 2,1/17/18
A259773,DOG,S,5,0,MIX THAT LOOKS LIKE A PIT BULL,GRAY,WHITE,54,OWNER SUR,EVALUATION,12/9/17,ADOPTION,TIER 3,1/20/18
A259972,DOG,N,1,6,LABRADOR RETR,BLACK,,36,OWNER SUR,EVALUATION,12/27/17,ADOPTION,TIER 2,1/20/18
A260004,DOG,M,0,7,BEAGLE,TRICOLOR,,35,OWNER SUR,EVALUATION,12/28/17,EUTH,BEH-AGPEPL,1/20/18
A260092,DOG,N,1,0,MIX THAT LOOKS LIKE A PARSON RUSS TER,TRICOLOR,,24,TRNSFR-EXT,RESCUE GRP,1/8/18,ADOPTION,TIER 2,1/18/18
A260090,DOG,S,2,0,MIX THAT LOOKS LIKE A DOBERMAN PINSCH,GRAY,TAN,24,TRNSFR-EXT,RESCUE GRP,1/8/18,ADOPTION,TIER 2,1/18/18
A260091,DOG,N,2,0,MIX THAT LOOKS LIKE A PARSON RUSS TER,WHITE,TAN,24,TRNSFR-EXT,RESCUE GRP,1/8/18,ADOPTION,NEW OWNER,1/20/18
A260098,DOG,N,0,5,MIX THAT LOOKS LIKE A REDBONE HOUND,RED,WHITE,24,TRNSFR-EXT,RESCUE GRP,1/8/18,ADOPTION,NEW OWNER,1/25/18
A260097,DOG,N,4,0,MIX THAT LOOKS LIKE A ANATOL SHEPHERD,BROWN,WHITE,24,TRNSFR-EXT,RESCUE GRP,1/8/18,,,
A260094,DOG,N,3,0,MIX THAT LOOKS LIKE A POINTER,WHITE,BLACK,24,TRNSFR-EXT,RESCUE GRP,1/8/18,,,
A260110,BIRD,U,1,0,SPARROW-HOUSE,BROWN,BLACK,24,WILDLIFE,WILDLIFE,1/8/18,DIED,AT SHELTER,1/9/18
A260119,CAT,N,5,0,DOMESTIC LH,TAB MAC WH,BROWN,23,CONFISCATE,ABANDONED,1/9/18,,,
A260114,CAT,N,4,0,DOMESTIC SH,TAB MAC WH,BROWN,23,OWNER SUR,EVALUATION,1/9/18,ADOPTION,NEW OWNER,1/13/18
A254669,BIRD,U,2,0,PIGEON,WHITE,,23,OWNER SUR,EVALUATION,1/9/18,ADOPTION,NEW OWNER,1/20/18
A253749,BIRD,U,1,0,PIGEON,WHITE,,23,OWNER SUR,EVALUATION,1/9/18,ADOPTION,NEW OWNER,1/27/18
A231807,DOG,N,3,0,MIX THAT LOOKS LIKE A AUST SHEPHERD,BRINDLE,WHITE,23,STRAY,STRAY,1/9/18,RTO,MICROCHIP,1/9/18
A260111,CAT,N,0,9,DOMESTIC SH,BLACK,WHITE,23,STRAY,STRAY,1/9/18,ADOPTION,NEW OWNER,1/12/18
A260112,CAT,N,5,0,DOMESTIC SH,TAB CLASSI,BUFF,23,STRAY,STRAY,1/9/18,ADOPTION,NEW OWNER,1/13/18
A260115,CAT,S,0,6,DOMESTIC SH,TORTIE,,23,STRAY,STRAY,1/9/18,ADOPTION,NEW OWNER,1/13/18
A260120,CAT,N,5,0,DOMESTIC SH,BLACK,WHITE,23,STRAY,STRAY,1/9/18,ADOPTION,NEW OWNER,1/18/18
A260016,OTHER,S,1,6,NETHERLND DWARF,ALBINO,,33,OWNER SUR,EVALUATION,12/30/17,ADOPTION,TIER 1,1/24/18
A260017,OTHER,S,1,6,NETHERLND DWARF,PT-LILAC,,33,OWNER SUR,EVALUATION,12/30/17,ADOPTION,TIER 1,1/24/18
A260117,CAT,S,7,0,DOMESTIC SH,GRAY,WHITE,23,TRNSFR-EXT,ACO,1/9/18,ADOPTION,NEW OWNER,1/11/18
A259980,CAT,N,3,0,DOMESTIC SH,TAB MAC WH,ORANGE,23,TRNSFR-EXT,ACO,1/9/18,ADOPTION,NEW OWNER,1/13/18
A260118,DOG,S,1,6,MIX THAT LOOKS LIKE A CHIHUAHUA LH,BLACK,,23,TRNSFR-EXT,ACO,1/9/18,ADOPTION,TIER 3,1/20/18
A260113,CAT,S,4,0,DOMESTIC LH,BLACK,WHITE,23,TRNSFR-EXT,ACO,1/9/18,ADOPTION,NEW OWNER,1/21/18
A260116,CAT,N,0,10,DOMESTIC SH,BLACK,,23,TRNSFR-EXT,ACO,1/9/18,ADOPTION,NEW OWNER,1/23/18
A260130,CAT,N,15,0,DOMESTIC LH,WHITE,GRAY,22,OWNER SUR,EUTH REQ,1/10/18,EUTH,OWN REQ,1/10/18
A260129,CAT,N,7,0,DOMESTIC SH,BLACK,WHITE,22,OWNER SUR,EVALUATION,1/10/18,EUTH,SICK-OTHER,1/11/18
A260125,OTHER,S,1,0,MIX THAT LOOKS LIKE A LOP-FRENCH,BROWN,,22,OWNER SUR,EVALUATION,1/10/18,ADOPTION,NEW OWNER,1/19/18
A260126,OTHER,S,1,0,MIX THAT LOOKS LIKE A LOP-FRENCH,GRAY,,22,OWNER SUR,EVALUATION,1/10/18,ADOPTION,NEW OWNER,1/31/18
A260124,OTHER,S,1,0,MIX THAT LOOKS LIKE A PALOMINO,RED,,22,OWNER SUR,EVALUATION,1/10/18,ADOPTION,NEW OWNER,1/31/18
A259949,CAT,N,7,0,DOMESTIC SH,ORANGE,WHITE,37,OWNER SUR,EVALUATION,12/26/17,ADOPTION,SPEC ADOPT,1/28/18
A260133,OTHER,F,1,0,RABBIT SH / LOP-ENGLISH,WHITE,BLACK,22,OWNER SUR,LAW ENFORC,1/10/18,,,
A260121,CAT,S,0,8,DOMESTIC SH,TAB MAC WH,GRAY,22,STRAY,STRAY,1/10/18,,,
A260139,CAT,M,2,8,DOMESTIC SH,TAB MAC WH,BROWN,22,STRAY,STRAY,1/10/18,RELEASE,TNR,1/13/18
A260136,CAT,M,1,8,DOMESTIC SH,BLACK,,22,STRAY,STRAY,1/10/18,RELEASE,TNR,1/13/18
A260137,CAT,M,1,8,DOMESTIC SH,BLACK,,22,STRAY,STRAY,1/10/18,RELEASE,TNR,1/13/18
A260138,CAT,F,1,8,DOMESTIC SH,BLACK,,22,STRAY,STRAY,1/10/18,RELEASE,TNR,1/13/18
A260134,CAT,N,1,8,DOMESTIC SH,BLACK,,22,STRAY,STRAY,1/10/18,ADOPTION,NEW OWNER,1/19/18
A260135,CAT,N,1,8,DOMESTIC SH,BLACK,,22,STRAY,STRAY,1/10/18,RELEASE,TNR,1/20/18
A260128,BIRD,U,1,5,OWL-BARRED,BROWN,WHITE,22,WILDLIFE,WILDLIFE,1/10/18,TRNSFR-EXT,NEWC,1/10/18
A260131,BIRD,U,1,6,GULL-RING BILL,GRAY,WHITE,22,WILDLIFE,WILDLIFE,1/10/18,TRNSFR-EXT,NEWC,1/10/18
A259598,OTHER,F,0,2.5,GUINEA PIG,AGOUTI,TAN,65,OWNER SUR,EVALUATION,11/28/17,,,
A260145,CAT,N,7,0,DOMESTIC SH,TAB MACKRL,ORANGE,21,OWNER SUR,EVALUATION,1/11/18,EUTH,SICK-URINE,1/12/18
A260143,CAT,N,12,0,DOMESTIC SH,TAB MAC WH,WHITE,21,OWNER SUR,EVALUATION,1/11/18,ADOPTION,NEW OWNER,1/20/18
A259856,OTHER,M,0,0.7,MOUSE-DOMESTIC,BLACK,,47,OWNER SUR,EVALUATION,12/16/17,,,
A258430,DOG,N,8,0,BOXER,RED,WHITE,21,OWNER SUR,EVALUATION,1/11/18,ADOPTION,TIER 2,1/21/18
A260142,CAT,S,11,0,DOMESTIC SH,GRAY,WHITE,21,OWNER SUR,EVALUATION,1/11/18,,,
A259203,CAT,N,10,0,DOMESTIC SH,GRAY,TAB MAC WH,21,RETURN,ADOPTION,1/11/18,ADOPTION,SPEC ADOPT,1/19/18
A259317,CAT,N,0,2.5,DOMESTIC SH,TAB MAC WH,ORANGE,85,OWNER SUR,EVALUATION,11/8/17,,,
A259202,CAT,N,10,0,DOMESTIC SH,GRAY,WHITE,21,RETURN,ADOPTION,1/11/18,ADOPTION,SPEC ADOPT,1/19/18
A260144,CAT,S,0,10,DOMESTIC SH,CALICO-DIL,,21,STRAY,STRAY,1/11/18,ADOPTION,NEW OWNER,1/13/18
A260201,DOG,F,0,0.3,MIX THAT LOOKS LIKE A COCKER SPAN,BLACK,WHITE,20,BRN N CARE,TRNSFR-EXT,1/12/18,,,
A260200,DOG,M,0,0.3,MIX THAT LOOKS LIKE A COCKER SPAN,WHITE,,20,BRN N CARE,TRNSFR-EXT,1/12/18,,,
A260197,DOG,F,0,0.3,MIX THAT LOOKS LIKE A COCKER SPAN,BUFF,WHITE,20,BRN N CARE,TRNSFR-EXT,1/12/18,DIED,AT SHELTER,1/17/18
A260198,DOG,U,0,0.3,MIX THAT LOOKS LIKE A COCKER SPAN,BUFF,WHITE,20,BRN N CARE,TRNSFR-EXT,1/12/18,DIED,FOSTERCARE,1/19/18
A259857,OTHER,M,0,0.7,MOUSE-DOMESTIC,BLACK,,47,OWNER SUR,EVALUATION,12/16/17,,,
A260199,DOG,U,0,0.3,MIX THAT LOOKS LIKE A COCKER SPAN,BUFF,WHITE,20,BRN N CARE,TRNSFR-EXT,1/12/18,EUTH,SICK-OTHER,1/20/18
A259668,OTHER,F,0,1.5,GUINEA PIG,BROWN,WHITE,62,OWNER SUR,EVALUATION,12/1/17,,,
A259669,OTHER,F,0,1.5,GUINEA PIG,TRICOLOR,,62,OWNER SUR,EVALUATION,12/1/17,,,
A170162,CAT,N,0,7,DOMESTIC SH,TAB MACKRL,GRAY,42,OWNER SUR,EVALUATION,12/21/17,,,
A260148,DOG,F,0,1,MIX THAT LOOKS LIKE A LABRADOR RETR,BLACK,,20,OWNER SUR,EVALUATION,1/12/18,,,
A260147,DOG,F,0,1,MIX THAT LOOKS LIKE A LABRADOR RETR,BLACK,,20,OWNER SUR,EVALUATION,1/12/18,,,
A260161,CAT,F,0,0.1,DOMESTIC SH,TAB MACKRL,GRAY,20,OWNER SUR,EVALUATION,1/12/18,,,
A260163,CAT,F,0,0.1,DOMESTIC SH,TAB MACKRL,GRAY,20,OWNER SUR,EVALUATION,1/12/18,,,
A260146,DOG,F,0,1,MIX THAT LOOKS LIKE A LABRADOR RETR,BRINDLE,,20,OWNER SUR,EVALUATION,1/12/18,,,
A259540,DOG,S,0,6,CHIHUAHUA SH / DACHSHUND,TAN,,69,OWNER SUR,EVALUATION,11/24/17,,,
A260162,CAT,M,0,0.1,DOMESTIC SH,TAB MACKRL,GRAY,20,OWNER SUR,EVALUATION,1/12/18,,,
A260164,CAT,M,0,0.1,DOMESTIC SH,GRAY,WHITE,20,OWNER SUR,EVALUATION,1/12/18,,,
A260159,CAT,F,1,6,DOMESTIC SH,TAB MACKRL,GRAY,20,OWNER SUR,EVALUATION,1/12/18,,,
A259234,DOG,N,0,0.1,CHIHUAHUA SH,TAN,,91,OWNER SUR,HMHL,11/2/17,,,
A259235,DOG,S,0,0.1,CHIHUAHUA SH,TAN,,91,OWNER SUR,HMHL,11/2/17,ADOPTION,NEW OWNER,1/26/18
A259237,DOG,N,0,0.1,CHIHUAHUA SH,TAN,WHITE,91,OWNER SUR,HMHL,11/2/17,ADOPTION,NEW OWNER,1/27/18
A259236,DOG,S,0,0.1,CHIHUAHUA LH,TAN,WHITE,91,OWNER SUR,HMHL,11/2/17,,,
A260151,DOG,F,0,1,MIX THAT LOOKS LIKE A LABRADOR RETR,BLACK,WHITE,20,OWNER SUR,EVALUATION,1/12/18,,,
A260165,CAT,F,0,0.1,DOMESTIC SH,GRAY,WHITE,20,OWNER SUR,EVALUATION,1/12/18,,,
A260160,CAT,F,0,0.1,DOMESTIC SH,TAB MACKRL,GRAY,20,OWNER SUR,EVALUATION,1/12/18,,,
A257534,DOG,N,8,3,POMERANIAN,BLACK,WHITE,181,OWNER SUR,LAW ENFORC,8/4/17,,,
A259254,OTHER,U,0,0,LIONHEAD,BROWN,,92,OWNER SUR,LAW ENFORC,11/1/17,,,
A260155,CAT,S,5,0,DOMESTIC SH,TAB MAC WH,GRAY,20,OWNER SUR,EVALUATION,1/12/18,ADOPTION,NEW OWNER,1/18/18
A257817,CAT,N,2,0,DOMESTIC SH,TAB MACKRL,BROWN,168,OWNER SUR,LAW ENFORC,8/17/17,ADOPTION,NEW OWNER,1/20/18
A260157,CAT,S,1,3,DOMESTIC LH,TAB MAC WH,BROWN,20,OWNER SUR,EVALUATION,1/12/18,ADOPTION,NEW OWNER,1/18/18
A204836,CAT,N,1,0,DOMESTIC SH,BLACK,,20,OWNER SUR,EVALUATION,1/12/18,ADOPTION,NEW OWNER,1/19/18
A259222,CAT,S,0,2,DOMESTIC SH,TORTIE,,20,OWNER SUR,EVALUATION,1/12/18,ADOPTION,NEW OWNER,1/20/18
A260152,DOG,N,0,1,MIX THAT LOOKS LIKE A LABRADOR RETR,BLACK,,20,OWNER SUR,EVALUATION,1/12/18,,,
A259252,OTHER,S,1,0,LIONHEAD,BROWN,,92,OWNER SUR,LAW ENFORC,11/1/17,ADOPTION,NEW OWNER,1/28/18
A260149,DOG,N,0,1,MIX THAT LOOKS LIKE A LABRADOR RETR,BLACK,WHITE,20,OWNER SUR,EVALUATION,1/12/18,,,
A260150,DOG,N,0,1,MIX THAT LOOKS LIKE A LABRADOR RETR,BLACK,WHITE,20,OWNER SUR,EVALUATION,1/12/18,,,
A259519,CAT,S,1,0,SIAMESE,PT-SEAL,,20,RETURN,ADOPTION,1/12/18,ADOPTION,TIER 1,1/13/18
A260156,CAT,S,12,0,DOMESTIC SH,TAB CLS WH,GRAY,20,STRAY,STRAY,1/12/18,,,
A257780,DOG,S,1,6,MIX THAT LOOKS LIKE A BORDER COLLIE,WHITE,TAN,132,RETURN,ADOPTION,9/22/17,,,
A257556,DOG,S,12,0,SILKY TERRIER,BLACK,TAN,93,RETURN,ADOPTION,10/31/17,,,
A260154,BIRD,F,1,0,CHICKEN,RED,,20,STRAY,STRAY,1/12/18,RTO,LOST REPRT,1/13/18
A259722,CAT,N,6,0,DOMESTIC SH,TAB MAC WH,GRAY,44,RETURN,ADOPTION,12/19/17,ADOPTION,NEW OWNER,1/2/18
A193109,CAT,S,1,0,DOMESTIC LH,WHITE,,34,RETURN,ADOPTION,12/29/17,ADOPTION,NEW OWNER,1/5/18
A259883,OTHER,S,2,0,NEW ZEALAND WHT,WHITE,,33,RETURN,ADOPTION,12/30/17,ADOPTION,NEW OWNER,1/9/18
A258855,DOG,S,1,2,MIX THAT LOOKS LIKE A PIT BULL,BROWN,,78,RETURN,ADOPTION,11/15/17,ADOPTION,TIER 2,1/10/18
A260153,CAT,S,0,8,DOMESTIC SH,BLACK,WHITE,20,STRAY,STRAY,1/12/18,ADOPTION,NEW OWNER,1/23/18
A259693,CAT,S,8,0,DOMESTIC LH,BLACK,WHITE,34,RETURN,ADOPTION,12/29/17,ADOPTION,NEW OWNER,1/13/18
A260158,BIRD,U,1,6,OWL-SCREECH,BROWN,WHITE,20,WILDLIFE,WILDLIFE,1/12/18,TRNSFR-EXT,TUFTS,1/12/18
A259703,CAT,S,1,0,DOMESTIC SH,TAB MACKRL,BROWN,37,RETURN,ADOPTION,12/26/17,ADOPTION,NEW OWNER,1/14/18
A260181,CAT,S,0,3,DOMESTIC SH,TORTIE-DIL,,19,OWNER SUR,EVALUATION,1/13/18,ADOPTION,NEW OWNER,1/18/18
A260169,DOG,N,0,7,MIX THAT LOOKS LIKE A PIT BULL,BRINDLE,WHITE,19,OWNER SUR,EVALUATION,1/13/18,ADOPTION,TIER 2,1/19/18
A260182,CAT,N,6,0,DOMESTIC SH,BLACK,WHITE,19,OWNER SUR,EVALUATION,1/13/18,ADOPTION,NEW OWNER,1/20/18
A260184,CAT,N,2,6,DOMESTIC SH,BLACK,WHITE,19,OWNER SUR,EVALUATION,1/13/18,ADOPTION,NEW OWNER,1/20/18
A260185,CAT,S,0,10,DOMESTIC SH,TAB MAC WH,BROWN,19,OWNER SUR,EVALUATION,1/13/18,ADOPTION,NEW OWNER,1/20/18
A260183,CAT,N,6,0,DOMESTIC LH,GRAY,WHITE,19,OWNER SUR,EVALUATION,1/13/18,ADOPTION,NEW OWNER,1/20/18
A259093,CAT,N,8,0,DOMESTIC LH,TAB MAC WH,BROWN,33,RETURN,ADOPTION,12/30/17,ADOPTION,SPEC ADOPT,1/27/18
A260174,OTHER,M,2,0,GUINEA PIG,AGOUTI,,19,OWNER SUR,EVALUATION,1/13/18,ADOPTION,NEW OWNER,1/25/18
A259373,DOG,S,0,11,MIX THAT LOOKS LIKE A GREAT PYRENEES,WHITE,,55,RETURN,ADOPTION,12/8/17,ADOPTION,TIER 3,1/28/18
A215688,DOG,S,0,0,MIX THAT LOOKS LIKE A COCKER SPAN,BLUE MERLE,WHITE,19,OWNER SUR,EVALUATION,1/13/18,,,
A258313,DOG,S,4,0,MIX THAT LOOKS LIKE A BEAGLE,BRINDLE,WHITE,19,OWNER SUR,EVALUATION,1/13/18,,,
A260188,CAT,F,0,8,DOMESTIC LH,GRAY,,19,STRAY,STRAY,1/13/18,RELEASE,TNR,1/18/18
A259725,DOG,S,1,0,MIX THAT LOOKS LIKE A PIT BULL,BRINDLE,WHITE,44,RETURN,ADOPTION,12/19/17,ADOPTION,TIER 3,1/30/18
A260186,CAT,S,10,0,DOMESTIC LH,BLACK,,19,STRAY,STRAY,1/13/18,ADOPTION,NEW OWNER,1/20/18
A260187,CAT,N,1,8,DOMESTIC SH,BLACK,,19,STRAY,STRAY,1/13/18,EUTH,SICK-OTHER,1/27/18
A259862,DOG,S,0,8,MIX THAT LOOKS LIKE A PIT BULL,BROWN,WHITE,40,RETURN,ADOPTION,12/23/17,,,
A260168,DOG,N,11,0,MIX THAT LOOKS LIKE A PEKINGESE,WHITE,,19,TRNSFR-EXT,ACO,1/13/18,ADOPTION,TIER 2,1/28/18
A260172,OTHER,F,0,5,RAT,TAN,,19,TRNSFR-EXT,RESCUE GRP,1/13/18,ADOPTION,NEW OWNER,1/18/18
A260171,OTHER,F,0,5,RAT,GRAY,WHITE,19,TRNSFR-EXT,RESCUE GRP,1/13/18,ADOPTION,TIER 1,1/21/18
A256759,BIRD,U,1,0,DOVE,WHITE,,83,RETURN,ADOPTION,11/10/17,,,
A259756,DOG,S,2,0,CHIHUAHUA SH,TAN,WHITE,40,RETURN,ADOPTION,12/23/17,,,
A259374,DOG,S,1,0,MIX THAT LOOKS LIKE A GREAT PYRENEES,WHITE,CREAM,63,RETURN,ADOPTION,11/30/17,,,
A251578,BIRD,U,1,0,PIGEON,GRAY,,540,RETURN,TUFTS,8/10/16,,,
A254401,DOG,M,1,0,PIT BULL,BLUE,WHITE,390,RETURN,TUFTS,1/7/17,,,
A259504,DOG,N,0,4,SHIH TZU,BLACK,WHITE,69,RETURN,TUFTS,11/24/17,ADOPTION,NEW OWNER,1/6/18
A259499,CAT,S,5,0,SIAMESE,PT-CHOCOLA,,68,RETURN,TUFTS,11/25/17,ADOPTION,NEW OWNER,1/7/18
A259915,CAT,N,3,0,DOMESTIC LH,TAB MACKRL,BROWN,42,STRAY,FERAL,12/21/17,,,
A260170,OTHER,F,0,5,RAT,GRAY,WHITE,19,TRNSFR-EXT,RESCUE GRP,1/13/18,ADOPTION,NEW OWNER,1/25/18
A260173,OTHER,F,0,5,RAT,TAN,,19,TRNSFR-EXT,RESCUE GRP,1/13/18,ADOPTION,NEW OWNER,1/25/18
A260166,OTHER,M,0,4,RAT / REX,GRAY,,19,TRNSFR-EXT,RESCUE GRP,1/13/18,ADOPTION,NEW OWNER,1/26/18
A251581,CAT,N,0,1.5,DOMESTIC SH,GRAY,,562,STRAY,STRAY,7/19/16,,,
A251580,CAT,N,0,1.5,DOMESTIC SH,BUFF,,562,STRAY,STRAY,7/19/16,,,
A257664,CAT,N,0,3,DOMESTIC SH,BLACK,,176,STRAY,STRAY,8/9/17,,,
A258807,BIRD,M,1,0,CHICKEN,RED,BLACK,118,STRAY,STRAY,10/6/17,,,
A258808,BIRD,M,1,0,CHICKEN,RED,BLACK,118,STRAY,STRAY,10/6/17,,,
A258870,CAT,N,0,1.3,DOMESTIC SH,GRAY,WHITE,113,STRAY,STRAY,10/11/17,,,
A259128,CAT,F,0,0.3,DOMESTIC SH,CALICO,,97,STRAY,STRAY,10/27/17,,,
A259484,BIRD,M,1,0,CHICKEN,WHITE,BLACK,72,STRAY,STRAY,11/21/17,,,
A259488,CAT,N,1,0,DOMESTIC SH,BLACK,WHITE,72,STRAY,STRAY,11/21/17,,,
A260001,CAT,N,1,0,DOMESTIC SH,TAB MAC WH,ORANGE,35,STRAY,STRAY,12/28/17,,,
A260167,OTHER,M,0,4,RAT,GRAY,WHITE,19,TRNSFR-EXT,RESCUE GRP,1/13/18,ADOPTION,NEW OWNER,1/26/18
A260175,OTHER,F,0,1.8,RAT,GRAY,,19,TRNSFR-EXT,RESCUE GRP,1/13/18,,,
A260180,OTHER,F,0,2,RAT,TAN,,19,TRNSFR-EXT,RESCUE GRP,1/13/18,,,
A258605,DOG,S,4,0,MIX THAT LOOKS LIKE A AM PIT BULL TER,TAN,,127,STRAY,STRAY,9/27/17,ADOPTION,TIER 3,1/2/18
A259797,CAT,S,0,5.5,DOMESTIC LH,TAB MAC WH,ORANGE,51,STRAY,STRAY,12/12/17,ADOPTION,NEW OWNER,1/2/18
A259966,CAT,N,2,0,DOMESTIC SH,BLACK,,36,STRAY,STRAY,12/27/17,ADOPTION,NEW OWNER,1/2/18
A259127,CAT,S,0,0.3,DOMESTIC SH,CALICO,,97,STRAY,STRAY,10/27/17,ADOPTION,NEW OWNER,1/3/18
A259189,CAT,S,0,0.3,DOMESTIC SH,CALICO,,97,STRAY,STRAY,10/27/17,ADOPTION,NEW OWNER,1/3/18
A256009,OTHER,M,1,0,MOUSE-DOMESTIC,WHITE,,267,STRAY,STRAY,5/10/17,ADOPTION,NEW OWNER,1/5/18
A260019,CAT,N,1,6,DOMESTIC SH,TAB CLS WH,BROWN,33,STRAY,STRAY,12/30/17,ADOPTION,NEW OWNER,1/5/18
A260179,OTHER,F,0,2,RAT,TAN,,19,TRNSFR-EXT,RESCUE GRP,1/13/18,,,
A260176,OTHER,F,0,2,RAT,TAN,,19,TRNSFR-EXT,RESCUE GRP,1/13/18,,,
A259929,CAT,S,8,0,DOMESTIC SH,TORTIE,,18,OWNER SUR,EVALUATION,1/14/18,ADOPTION,NEW OWNER,1/21/18
A259952,CAT,S,1,0,DOMESTIC LH,WHITE,,37,STRAY,STRAY,12/26/17,ADOPTION,NEW OWNER,1/6/18
A259970,CAT,N,14,0,DOMESTIC SH,WHITE,,36,STRAY,STRAY,12/27/17,EUTH,SICK-OTHER,1/6/18
A258641,CAT,N,6,0,DOMESTIC SH,GRAY,,18,RETURN,ADOPTION,1/14/18,ADOPTION,SPEC ADOPT,1/25/18
A258159,CAT,N,8,0,DOMESTIC SH,BLACK,,153,STRAY,STRAY,9/1/17,ADOPTION,NEW OWNER,1/7/18
A259890,CAT,N,2,0,DOMESTIC SH,BLACK,,44,STRAY,STRAY,12/19/17,ADOPTION,NEW OWNER,1/7/18
A259954,CAT,N,5,0,DOMESTIC SH,WHITE,BLACK,37,STRAY,STRAY,12/26/17,ADOPTION,NEW OWNER,1/7/18
A259751,CAT,N,0,2.8,DOMESTIC LH,GRAY,WHITE,56,STRAY,STRAY,12/7/17,ADOPTION,NEW OWNER,1/9/18
A259820,CAT,N,9,0,DOMESTIC LH,TAB MACKRL,BUFF,50,STRAY,STRAY,12/13/17,ADOPTION,NEW OWNER,1/9/18
A260193,CAT,N,3,0,DOMESTIC SH,TAB MACKRL,BUFF,16,CONFISCATE,EVICTION,1/16/18,ADOPTION,NEW OWNER,1/19/18
A201716,CAT,S,0,2.5,MIX THAT LOOKS LIKE A DOMESTIC SH,WHITE,BLACK,16,OWNER SUR,EUTH REQ,1/16/18,EUTH,OWN REQ,1/16/18
A260194,DOG,N,5,0,MIX THAT LOOKS LIKE A CHIHUAHUA SH,WHITE,TAN,16,OWNER SUR,EVALUATION,1/16/18,ADOPTION,TIER 3,1/25/18
A259681,BIRD,U,40,0,PARROT,GREEN,YELLOW,16,RETURN,ADOPTION,1/16/18,ADOPTION,NEW OWNER,1/20/18
A260191,CAT,S,1,0,DOMESTIC SH,BLACK,,16,TRNSFR-EXT,RESCUE GRP,1/16/18,,,
A260205,DOG,S,1,8,CHOW CHOW,APRICOT,,15,OWNER SUR,EVALUATION,1/17/18,TRNSFR-EXT,RESCUE GRP,1/24/18
A259787,DOG,S,1,0,MIX THAT LOOKS LIKE A GERM SHEPHERD,TAN,BLACK,15,RETURN,ADOPTION,1/17/18,ADOPTION,TIER 3,1/30/18
A260008,CAT,S,0,9,DOMESTIC SH,TAB MAC WH,BROWN,34,STRAY,STRAY,12/29/17,ADOPTION,NEW OWNER,1/10/18
A260207,DOG,N,6,3,BICHON FRISE / POODLE MIN,WHITE,,14,OWNER SUR,EVALUATION,1/18/18,,,
A259925,CAT,S,10,0,DOMESTIC LH,CALICO,,41,STRAY,STRAY,12/22/17,ADOPTION,NEW OWNER,1/11/18
A260208,CAT,N,5,0,DOMESTIC SH,TAB MACKRL,ORANGE,14,OWNER SUR,EVALUATION,1/18/18,ADOPTION,TIER 1,1/21/18
A260213,CAT,S,12,0,DOMESTIC SH,TORTIE,,14,OWNER SUR,EVALUATION,1/18/18,ADOPTION,NEW OWNER,1/23/18
A249404,CAT,S,10,0,DOMESTIC SH,TAB MACKRL,GRAY,14,OWNER SUR,EVALUATION,1/18/18,,,
A260212,CAT,N,5,10,DOMESTIC SH,WHITE,BLACK,14,STRAY,STRAY,1/18/18,RTO,MICROCHIP,1/19/18
A260210,DOG,S,1,6,MIX THAT LOOKS LIKE A GERM SHEPHERD,BLACK,TAN,14,TRNSFR-EXT,ACO,1/18/18,TRNSFR-EXT,ACO,1/25/18
A260206,DOG,S,10,0,MIX THAT LOOKS LIKE A BULL TERRIER,WHITE,TAN,14,TRNSFR-EXT,ACO,1/18/18,,,
A260214,CAT,N,3,0,DOMESTIC SH,TAB MAC WH,GRAY,14,TRNSFR-EXT,RESCUE GRP,1/18/18,ADOPTION,NEW OWNER,1/20/18
A260215,CAT,N,2,0,DOMESTIC SH,GRAY,WHITE,14,TRNSFR-EXT,RESCUE GRP,1/18/18,ADOPTION,NEW OWNER,1/21/18
A260221,DOG,N,3,0,MIX THAT LOOKS LIKE A MASTIFF,TAN,,13,OWNER SUR,EUTH REQ,1/19/18,EUTH,OWN REQ,1/19/18
A260222,CAT,N,2,0,DOMESTIC SH,TAB MAC WH,ORANGE,13,OWNER SUR,EVALUATION,1/19/18,ADOPTION,NEW OWNER,1/20/18
A260216,DOG,N,10,0,CHESA BAY RETR,CHOCOLATE,,13,STRAY,STRAY,1/19/18,RTO,OWNER,1/19/18
A260217,DOG,N,0,10,MIX THAT LOOKS LIKE A HARRIER,WHITE,BROWN,13,STRAY,STRAY,1/19/18,RTO,OWNER,1/19/18
A260219,OTHER,U,1,0,COTTONTAIL,BROWN,,13,WILDLIFE,WILDLIFE,1/19/18,EUTH,INJURED,1/19/18
A260224,CAT,S,14,0,SIAMESE,PT-CHOCOLA,,12,OWNER SUR,EUTH REQ,1/20/18,EUTH,OWN REQ,1/20/18
A260233,CAT,S,19,0,DOMESTIC LH,BROWN,TAB MACKRL,12,OWNER SUR,EUTH REQ,1/20/18,EUTH,OWN REQ,1/20/18
A260229,CAT,N,3,0,DOMESTIC LH,TAB MACKRL,BROWN,12,OWNER SUR,EVALUATION,1/20/18,ADOPTION,NEW OWNER,1/23/18
A259997,CAT,N,9,0,DOMESTIC SH,WHITE,GRAY,35,STRAY,STRAY,12/28/17,ADOPTION,NEW OWNER,1/14/18
A260234,DOG,S,7,0,YORKSHIRE TERR / POODLE TOY,TAN,,12,OWNER SUR,EVALUATION,1/20/18,ADOPTION,NEW OWNER,1/24/18
A259834,CAT,N,0,5.5,DOMESTIC SH,BLACK,WHITE,48,STRAY,STRAY,12/15/17,RELEASE,TNR,1/18/18
A259836,CAT,S,0,4.5,DOMESTIC LH,BLACK,,48,STRAY,STRAY,12/15/17,RELEASE,TNR,1/18/18
A260228,CAT,N,0,7,DOMESTIC SH,TAB MACKRL,BROWN,12,OWNER SUR,EVALUATION,1/20/18,ADOPTION,NEW OWNER,1/24/18
A260235,CAT,S,0,5,DOMESTIC SH,BLACK,,12,OWNER SUR,EVALUATION,1/20/18,ADOPTION,NEW OWNER,1/25/18
A259559,CAT,N,0,0.1,DOMESTIC SH,TAB SPOT,BROWN,68,STRAY,STRAY,11/25/17,ADOPTION,NEW OWNER,1/19/18
A260227,CAT,N,2,0,DOMESTIC SH,BLACK,,12,OWNER SUR,EVALUATION,1/20/18,ADOPTION,NEW OWNER,1/25/18
A260226,CAT,N,3,6,DOMESTIC LH,BLACK,,12,OWNER SUR,EVALUATION,1/20/18,RTO,UNADPTBLE,1/31/18
A260232,CAT,S,0,1.8,DOMESTIC SH,BLACK,WHITE,12,OWNER SUR,EVALUATION,1/20/18,ADOPTION,NEW OWNER,1/31/18
A260231,OTHER,S,6,0,FERRET,CINNAMON,,12,OWNER SUR,EVALUATION,1/20/18,,,
A258404,CAT,S,2,0,DOMESTIC SH,BLACK,,139,STRAY,STRAY,9/15/17,ADOPTION,NEW OWNER,1/20/18
A259297,CAT,S,0,0,DOMESTIC SH,BLACK,,88,STRAY,STRAY,11/5/17,ADOPTION,NEW OWNER,1/20/18
A259767,CAT,N,4,0,DOMESTIC SH,GRAY,,54,STRAY,STRAY,12/9/17,ADOPTION,NEW OWNER,1/20/18
A259775,CAT,N,0,0.5,DOMESTIC LH,BLACK,,53,STRAY,STRAY,12/10/17,ADOPTION,NEW OWNER,1/20/18
A260230,OTHER,N,1,6,FERRET,SABLE,,12,OWNER SUR,EVALUATION,1/20/18,,,
A260236,CAT,N,5,0,DOMESTIC LH,BLACK,,12,OWNER SUR,LAW ENFORC,1/20/18,ADOPTION,NEW OWNER,1/23/18
A259835,CAT,N,0,7,DOMESTIC LH,BLACK,,48,STRAY,STRAY,12/15/17,ADOPTION,TIER 1,1/21/18
A260018,CAT,S,2,0,DOMESTIC SH,BLACK,WHITE,33,STRAY,STRAY,12/30/17,ADOPTION,NEW OWNER,1/21/18
A260243,DOG,N,2,0,CHIHUAHUA SH,TAN,TAN,12,OWNER SUR,LAW ENFORC,1/20/18,ADOPTION,NEW OWNER,1/26/18
A260241,DOG,N,2,0,CHIHUAHUA SH,TAN,WHITE,12,OWNER SUR,LAW ENFORC,1/20/18,ADOPTION,TIER 2,1/27/18
A260242,DOG,N,2,0,CHIHUAHUA SH,TRICOLOR,,12,OWNER SUR,LAW ENFORC,1/20/18,ADOPTION,NEW OWNER,1/27/18
A260237,DOG,N,2,0,CHIHUAHUA SH,TRICOLOR,,12,OWNER SUR,LAW ENFORC,1/20/18,ADOPTION,TIER 2,1/28/18
A260239,DOG,N,2,0,CHIHUAHUA SH,TRICOLOR,,12,OWNER SUR,LAW ENFORC,1/20/18,ADOPTION,NEW OWNER,1/28/18
A260238,DOG,N,2,0,CHIHUAHUA SH,BROWN,TAN,12,OWNER SUR,LAW ENFORC,1/20/18,ADOPTION,NEW OWNER,1/28/18
A260240,DOG,N,2,0,CHIHUAHUA SH,TAN,BROWN,12,OWNER SUR,LAW ENFORC,1/20/18,,,
A259007,CAT,N,0,1.8,DOMESTIC SH,TAB MAC WH,BUFF,12,RETURN,ADOPTION,1/20/18,ADOPTION,NEW OWNER,1/23/18
A259558,CAT,S,0,0.1,DOMESTIC SH,TAB MACKRL,BLACK,68,STRAY,STRAY,11/25/17,EUTH,SICK-OTHER,1/27/18
A259851,BIRD,U,2,0,PIGEON,WHITE,,48,STRAY,STRAY,12/15/17,ADOPTION,NEW OWNER,1/27/18
A260244,CAT,S,0,8,DOMESTIC SH,TORTIE-DIL,,12,STRAY,STRAY,1/20/18,ADOPTION,NEW OWNER,1/27/18
A260225,CAT,S,2,8,DOMESTIC SH,BLACK,,12,STRAY,STRAY,1/20/18,,,
A260245,CAT,N,2,8,DOMESTIC SH,BLACK,WHITE,12,STRAY,STRAY,1/20/18,,,
A259415,CAT,S,5,0,DOMESTIC SH,BLACK,WHITE,36,STRAY,STRAY,12/27/17,ADOPTION,NEW OWNER,1/28/18
A260254,BIRD,M,1,0,CHICKEN,BROWN,,11,CONFISCATE,FIRE,1/21/18,,,
A258532,CAT,S,2,0,DOMESTIC SH,TAB CLASSI,ORANGE,132,STRAY,STRAY,9/22/17,ADOPTION,NEW OWNER,1/31/18
A260249,BIRD,U,0,3,DUCK,WHITE,,11,CONFISCATE,FIRE,1/21/18,,,
A259557,CAT,S,0,0.1,DOMESTIC SH,TAB CLASSI,BROWN,68,STRAY,STRAY,11/25/17,,,
A260247,BIRD,U,0,3,DUCK,WHITE,,11,CONFISCATE,FIRE,1/21/18,,,
A260258,BIRD,F,1,0,CHICKEN,BLACK,,11,CONFISCATE,FIRE,1/21/18,,,
A260250,BIRD,U,0,3,DUCK,WHITE,,11,CONFISCATE,FIRE,1/21/18,,,
A260253,BIRD,M,1,0,CHICKEN,BLACK,,11,CONFISCATE,FIRE,1/21/18,,,
A260256,BIRD,F,1,0,CHICKEN,BLACK,,11,CONFISCATE,FIRE,1/21/18,,,
A260248,BIRD,U,0,3,DUCK,WHITE,,11,CONFISCATE,FIRE,1/21/18,,,
A259423,BIRD,U,0,2,CHICKEN,BROWN,WHITE,77,STRAY,STRAY,11/16/17,,,
A259426,BIRD,U,0,2,CHICKEN,BROWN,WHITE,77,STRAY,STRAY,11/16/17,,,
A259425,BIRD,U,0,2,CHICKEN,BROWN,WHITE,77,STRAY,STRAY,11/16/17,,,
A259424,BIRD,U,0,2,CHICKEN,BROWN,WHITE,77,STRAY,STRAY,11/16/17,,,
A260255,BIRD,F,1,0,CHICKEN,BLACK,,11,CONFISCATE,FIRE,1/21/18,,,
A260257,BIRD,F,1,0,CHICKEN,BLACK,,11,CONFISCATE,FIRE,1/21/18,,,
A260251,OTHER,M,1,0,LIONHEAD,BROWN,,11,CONFISCATE,FIRE,1/21/18,,,
A260252,OTHER,F,1,0,DUTCH,BROWN,WHITE,11,CONFISCATE,FIRE,1/21/18,,,
A259773,DOG,S,5,0,MIX THAT LOOKS LIKE A PIT BULL,GRAY,WHITE,11,RETURN,ADOPTION,1/21/18,ADOPTION,TIER 3,1/26/18
A260246,OTHER,U,1,0,SQUIRREL-GRAY,GRAY,,11,WILDLIFE,WILDLIFE,1/21/18,EUTH,INJURED,1/21/18
A238842,DOG,M,5,0,LABRADOR RETR,YELLOW,,10,STRAY,STRAY,1/22/18,RTO,LOST REPRT,1/23/18
A260261,CAT,N,2,5,DOMESTIC SH,TAB MAC WH,BROWN,10,TRNSFR-EXT,RESCUE GRP,1/22/18,,,
A260281,LIVESTOCK,M,0,4,POTBELLY PIG,WHITE,BLACK,9,CONFISCATE,FIRE,1/23/18,,,
A259977,CAT,N,4,6,DOMESTIC SH,BLACK,WHITE,36,STRAY,STRAY,12/27/17,,,
A259969,BIRD,U,1,0,DOVE,WHITE,,36,STRAY,STRAY,12/27/17,,,
A254217,DOG,N,3,8,PARSON RUSS TER,WHITE,BROWN,408,TRNSFR-EXT,ACO,12/20/16,,,
A255319,DOG,F,0,8.2,MIX THAT LOOKS LIKE A PIT BULL,WHITE,BROWN,310,TRNSFR-EXT,ACO,3/28/17,,,
A258548,DOG,F,6,0,MIX THAT LOOKS LIKE A STAFFORDSHIRE,BROWN,,131,TRNSFR-EXT,ACO,9/23/17,,,
A259723,CAT,S,12,0,DOMESTIC SH,CALICO,,57,TRNSFR-EXT,ACO,12/6/17,,,
A260283,LIVESTOCK,F,0,4,POTBELLY PIG,BLACK,WHITE,9,CONFISCATE,FIRE,1/23/18,,,
A259913,DOG,N,2,0,MIX THAT LOOKS LIKE A MASTIFF,BRINDLE,,42,TRNSFR-EXT,ACO,12/21/17,ADOPTION,TIER 3,1/5/18
A259980,CAT,N,3,0,DOMESTIC SH,TAB MAC WH,ORANGE,35,TRNSFR-EXT,ACO,12/28/17,ADOPTION,NEW OWNER,1/6/18
A259950,BIRD,F,3,0,CHICKEN,BLACK,,37,TRNSFR-EXT,ACO,12/26/17,DIED,AT SHELTER,1/8/18
A259893,DOG,N,8,0,CHIHUAHUA SH,BLACK,TAN,43,TRNSFR-EXT,ACO,12/20/17,ADOPTION,TIER 2,1/10/18
A259393,OTHER,F,1,0,GUINEA PIG,TRICOLOR,,79,TRNSFR-EXT,ACO,11/14/17,ADOPTION,NEW OWNER,1/11/18
A260282,LIVESTOCK,F,0,4,POTBELLY PIG,BLACK,WHITE,9,CONFISCATE,FIRE,1/23/18,,,
A259912,DOG,N,5,6,MIX THAT LOOKS LIKE A AKITA,WHITE,BROWN,42,TRNSFR-EXT,ACO,12/21/17,ADOPTION,TIER 3,1/12/18
A244283,DOG,N,3,0,MIX THAT LOOKS LIKE A PIT BULL,RED,WHITE,9,OWNER SUR,EUTH REQ,1/23/18,EUTH,OWN REQ,1/23/18
A259971,DOG,F,10,0,BOXER,TAN,WHITE,36,TRNSFR-EXT,ACO,12/27/17,TRNSFR-EXT,RESCUE GRP,1/16/18
A260284,CAT,N,3,0,DOMESTIC SH,BLACK,,9,OWNER SUR,EVALUATION,1/23/18,ADOPTION,NEW OWNER,1/27/18
A253430,BIRD,M,0,2,CHICKEN,WHITE,BLACK,468,TRNSFR-EXT,ACO,10/21/16,ADOPTION,NEW OWNER,1/21/18
A259893,DOG,N,8,0,CHIHUAHUA SH,BLACK,TAN,9,RETURN,ADOPTION,1/23/18,ADOPTION,TIER 2,1/27/18
A260285,CAT,N,0,6,DOMESTIC LH,TAB CLS WH,ORANGE,9,STRAY,STRAY,1/23/18,ADOPTION,NEW OWNER,1/27/18
A260263,CAT,N,2,0,DOMESTIC SH,TAB CLASSI,BROWN,9,STRAY,STRAY,1/23/18,,,
A260269,DOG,S,0,2.5,MIX THAT LOOKS LIKE A AUST SHEPHERD,TRICOLOR,,9,TRNSFR-EXT,RESCUE GRP,1/23/18,ADOPTION,TIER 1,1/27/18
A260270,DOG,N,0,2.5,MIX THAT LOOKS LIKE A AUST SHEPHERD,BLACK,WHITE,9,TRNSFR-EXT,RESCUE GRP,1/23/18,ADOPTION,TIER 2,1/27/18
A256093,DOG,N,4,1,MIX THAT LOOKS LIKE A LABRADOR RETR,BROWN,,261,TRNSFR-EXT,ACO,5/16/17,ADOPTION,SPEC ADOPT,1/30/18
A256095,DOG,N,4,1,MIX THAT LOOKS LIKE A LABRADOR RETR,BLACK,,261,TRNSFR-EXT,ACO,5/16/17,ADOPTION,SPEC ADOPT,1/30/18
A259732,CAT,N,0,0.1,DOMESTIC SH,TAB MACKRL,ORANGE,57,TRNSFR-EXT,ACO,12/6/17,ADOPTION,NEW OWNER,1/31/18
A259673,BIRD,F,2,0,CHICKEN,BLACK,BROWN,62,TRNSFR-EXT,ACO,12/1/17,,,
A260273,DOG,S,0,2.5,MIX THAT LOOKS LIKE A AUST SHEPHERD,TRICOLOR,,9,TRNSFR-EXT,RESCUE GRP,1/23/18,ADOPTION,NEW OWNER,1/27/18
A259729,CAT,S,8,4,DOMESTIC LH,TAB MACKRL,ORANGE,57,TRNSFR-EXT,ACO,12/6/17,,,
A259730,CAT,S,0,0.1,DOMESTIC SH,TORBIE,,57,TRNSFR-EXT,ACO,12/6/17,,,
A259731,CAT,S,0,0.1,DOMESTIC SH,TORBIE,,57,TRNSFR-EXT,ACO,12/6/17,,,
A260274,DOG,S,0,2.5,MIX THAT LOOKS LIKE A AUST SHEPHERD,TRICOLOR,,9,TRNSFR-EXT,RESCUE GRP,1/23/18,ADOPTION,NEW OWNER,1/27/18
A259631,CAT,S,10,0,DOMESTIC SH,TORTIE,,63,TRNSFR-EXT,ACO,11/30/17,,,
A260271,DOG,N,0,2.5,MIX THAT LOOKS LIKE A AUST SHEPHERD,TRICOLOR,,9,TRNSFR-EXT,RESCUE GRP,1/23/18,ADOPTION,NEW OWNER,1/27/18
A260272,DOG,S,0,2.5,MIX THAT LOOKS LIKE A AUST SHEPHERD,TRICOLOR,,9,TRNSFR-EXT,RESCUE GRP,1/23/18,ADOPTION,NEW OWNER,1/27/18
A258645,DOG,N,1,0,MIX THAT LOOKS LIKE A PIT BULL,BRINDLE,WHITE,126,TRNSFR-EXT,ACO,9/28/17,,,
A260279,DOG,S,1,0,MIX THAT LOOKS LIKE A POODLE TOY,WHITE,,9,TRNSFR-EXT,RESCUE GRP,1/23/18,ADOPTION,TIER 2,1/27/18
A259057,DOG,S,1,0,MIX THAT LOOKS LIKE A PIT BULL,TAN,WHITE,78,TRNSFR-EXT,ACO,11/15/17,,,
A252913,DOG,N,0,2.4,BEAGLE / DACHSHUND,TRICOLOR,,495,TRNSFR-EXT,RESCUE GRP,9/24/16,,,
A255085,CAT,U,0,0,DOMESTIC SH,TAB MACKRL,BROWN,328,TRNSFR-EXT,RESCUE GRP,3/10/17,,,
A258901,BIRD,M,0,5,CHICKEN,BLACK,BLACK,112,TRNSFR-EXT,RESCUE GRP,10/12/17,,,
A258897,BIRD,M,0,5,CHICKEN,BLACK,BLACK,112,TRNSFR-EXT,RESCUE GRP,10/12/17,,,
A259047,CAT,S,1,0,DOMESTIC SH,TAB TCK WH,BROWN,105,TRNSFR-EXT,RESCUE GRP,10/19/17,,,
A259327,CAT,N,1,0,HAVANA BROWN,CHOCOLATE,,84,TRNSFR-EXT,RESCUE GRP,11/9/17,,,
A259745,DOG,S,6,0,LABRADOR RETR,YELLOW,,56,TRNSFR-EXT,RESCUE GRP,12/7/17,,,
A260275,DOG,N,0,2.5,MIX THAT LOOKS LIKE A AUST SHEPHERD,TRICOLOR,,9,TRNSFR-EXT,RESCUE GRP,1/23/18,ADOPTION,NEW OWNER,1/27/18
A260276,DOG,N,0,7,MIX THAT LOOKS LIKE A MIN PINSCHER,RED,,9,TRNSFR-EXT,RESCUE GRP,1/23/18,ADOPTION,TIER 2,1/28/18
A260280,DOG,N,0,4,MIX THAT LOOKS LIKE A GERM SHEPHERD,TAN,BLACK,9,TRNSFR-EXT,RESCUE GRP,1/23/18,ADOPTION,TIER 2,1/28/18
A260277,DOG,S,1,6,MIX THAT LOOKS LIKE A CHIHUAHUA SH,TAN,WHITE,9,TRNSFR-EXT,RESCUE GRP,1/23/18,ADOPTION,TIER 2,1/31/18
A259614,CAT,N,5,0,DOMESTIC SH,TAB MACKRL,ORANGE,63,TRNSFR-EXT,RESCUE GRP,11/30/17,ADOPTION,NEW OWNER,1/2/18
A260010,CAT,N,4,0,DOMESTIC SH,BLACK,WHITE,34,TRNSFR-EXT,RESCUE GRP,12/29/17,ADOPTION,NEW OWNER,1/2/18
A260009,CAT,S,3,0,DOMESTIC LH,TORTIE,,34,TRNSFR-EXT,RESCUE GRP,12/29/17,ADOPTION,NEW OWNER,1/2/18
A260011,CAT,S,2,6,DOMESTIC SH,BLACK,WHITE,34,TRNSFR-EXT,RESCUE GRP,12/29/17,ADOPTION,NEW OWNER,1/3/18
A259815,CAT,S,0,3.5,DOMESTIC SH,TORTIE-DIL,,51,TRNSFR-EXT,RESCUE GRP,12/12/17,ADOPTION,NEW OWNER,1/5/18
A259813,CAT,S,0,3.5,DOMESTIC SH,GRAY,,51,TRNSFR-EXT,RESCUE GRP,12/12/17,ADOPTION,NEW OWNER,1/5/18
A259983,DOG,N,1,0,MIX THAT LOOKS LIKE A BEAGLE,BRINDLE,,35,TRNSFR-EXT,RESCUE GRP,12/28/17,ADOPTION,TIER 2,1/5/18
A259992,DOG,S,0,5,MIX THAT LOOKS LIKE A YORKSHIRE TERR,WHITE,BLACK,35,TRNSFR-EXT,RESCUE GRP,12/28/17,ADOPTION,TIER 1,1/5/18
A259786,DOG,N,3,0,MIX THAT LOOKS LIKE A REDBONE HOUND,RED,,52,TRNSFR-EXT,RESCUE GRP,12/11/17,ADOPTION,TIER 2,1/6/18
A259789,DOG,N,9,0,MIX THAT LOOKS LIKE A AFFENPINSCHER,BLACK,GRAY,52,TRNSFR-EXT,RESCUE GRP,12/11/17,ADOPTION,SPEC ADOPT,1/6/18
A259880,OTHER,N,0,6,REX,GRAY,WHITE,44,TRNSFR-EXT,RESCUE GRP,12/19/17,ADOPTION,NEW OWNER,1/6/18
A259987,DOG,S,1,0,MIX THAT LOOKS LIKE A BEAGLE,BLACK,WHITE,35,TRNSFR-EXT,RESCUE GRP,12/28/17,ADOPTION,TIER 2,1/6/18
A259991,DOG,S,0,5,MIX THAT LOOKS LIKE A YORKSHIRE TERR,WHITE,,35,TRNSFR-EXT,RESCUE GRP,12/28/17,ADOPTION,TIER 2,1/6/18
A259981,DOG,S,4,0,MIX THAT LOOKS LIKE A LHASA APSO,TAN,GRAY,35,TRNSFR-EXT,RESCUE GRP,12/28/17,ADOPTION,TIER 2,1/6/18
A259982,DOG,S,1,0,MIX THAT LOOKS LIKE A CHIHUAHUA SH,BLACK,TAN,35,TRNSFR-EXT,RESCUE GRP,12/28/17,ADOPTION,TIER 1,1/6/18
A259989,DOG,S,2,0,MIX THAT LOOKS LIKE A YORKSHIRE TERR,BLACK,TAN,35,TRNSFR-EXT,RESCUE GRP,12/28/17,ADOPTION,TIER 3,1/6/18
A260012,CAT,S,3,0,DOMESTIC SH,BLACK,,34,TRNSFR-EXT,RESCUE GRP,12/29/17,ADOPTION,NEW OWNER,1/6/18
A260265,BIRD,U,1,0,SPARROW-HOUSE,BROWN,,9,WILDLIFE,WILDLIFE,1/23/18,EUTH,INJURED,1/23/18
A259803,CAT,N,8,0,DOMESTIC LH,TAB MAC WH,ORANGE,51,TRNSFR-EXT,RESCUE GRP,12/12/17,ADOPTION,NEW OWNER,1/7/18
A259884,OTHER,N,3,0,NETHERLND DWARF,BLACK,GRAY,44,TRNSFR-EXT,RESCUE GRP,12/19/17,ADOPTION,NEW OWNER,1/7/18
A259999,CAT,S,6,0,DOMESTIC SH,TAB MAC WH,WHITE,35,TRNSFR-EXT,RESCUE GRP,12/28/17,ADOPTION,NEW OWNER,1/7/18
A259985,DOG,S,3,0,MIX THAT LOOKS LIKE A CHIHUAHUA LH,WHITE,BLACK,35,TRNSFR-EXT,RESCUE GRP,12/28/17,ADOPTION,TIER 1,1/7/18
A258863,DOG,S,1,3,MIX THAT LOOKS LIKE A PIT BULL,TAN,WHITE,113,TRNSFR-EXT,RESCUE GRP,10/11/17,ADOPTION,TIER 3,1/9/18
A259623,CAT,M,0,6,DOMESTIC SH,BLACK,,63,TRNSFR-EXT,RESCUE GRP,11/30/17,EUTH,SICK-OTHER,1/9/18
A259744,OTHER,S,0,9,LOP-HOLLAND,WHITE,BROWN,56,TRNSFR-EXT,RESCUE GRP,12/7/17,ADOPTION,NEW OWNER,1/9/18
A259822,CAT,S,12,0,DOMESTIC SH,TORTIE,,48,TRNSFR-EXT,RESCUE GRP,12/15/17,ADOPTION,NEW OWNER,1/9/18
A259994,OTHER,S,1,0,DUTCH,BLACK,,35,TRNSFR-EXT,RESCUE GRP,12/28/17,ADOPTION,NEW OWNER,1/9/18
A259928,CAT,S,4,0,DOMESTIC SH,TORTIE-DIL,,41,TRNSFR-EXT,RESCUE GRP,12/22/17,ADOPTION,NEW OWNER,1/10/18
A259986,DOG,N,1,0,MIX THAT LOOKS LIKE A CAIRN TERRIER,TAN,,35,TRNSFR-EXT,RESCUE GRP,12/28/17,ADOPTION,TIER 3,1/10/18
A259784,DOG,N,1,0,MIX THAT LOOKS LIKE A AUST CATTLE DOG,TRICOLOR,,52,TRNSFR-EXT,RESCUE GRP,12/11/17,ADOPTION,TIER 3,1/12/18
A259984,DOG,S,3,0,MIX THAT LOOKS LIKE A CHIHUAHUA SH,TAN,WHITE,35,TRNSFR-EXT,RESCUE GRP,12/28/17,ADOPTION,TIER 1,1/12/18
A260287,LIVESTOCK,F,0,4,POTBELLY PIG,BLACK,BLACK,8,CONFISCATE,FIRE,1/24/18,,,
A260286,LIVESTOCK,F,0,4,POTBELLY PIG,BLACK,WHITE,8,CONFISCATE,FIRE,1/24/18,,,
A260288,LIVESTOCK,F,2,0,POTBELLY PIG,BLACK,WHITE,8,CONFISCATE,FIRE,1/24/18,TRNSFR-EXT,ACO,1/24/18
A260289,LIVESTOCK,N,2,0,POTBELLY PIG,BLACK,WHITE,8,CONFISCATE,FIRE,1/24/18,TRNSFR-EXT,ACO,1/24/18
A260290,CAT,S,18,0,DOMESTIC SH,BLACK,WHITE,8,OWNER SUR,EUTH REQ,1/24/18,EUTH,OWN REQ,1/24/18
A260291,DOG,M,5,6,GERM SHEPHERD,BLACK,TAN,8,OWNER SUR,EUTH REQ,1/24/18,EUTH,OWN REQ,1/24/18
A260260,CAT,N,11,6,DOMESTIC SH,GRAY,,8,OWNER SUR,EUTH REQ,1/24/18,EUTH,OWN REQ,1/24/18
A260292,OTHER,S,0,9,RABBIT SH,BROWN,,8,TRNSFR-EXT,RESCUE GRP,1/24/18,,,
A260294,OTHER,N,0,9,RABBIT SH,WHITE,GRAY,8,TRNSFR-EXT,RESCUE GRP,1/24/18,,,
A260293,OTHER,N,0,9,RABBIT SH,BROWN,WHITE,8,TRNSFR-EXT,RESCUE GRP,1/24/18,,,
A260295,BIRD,U,1,0,HAWK-SHARP SHIN,GRAY,WHITE,8,WILDLIFE,WILDLIFE,1/24/18,TRNSFR-EXT,NEWC,1/26/18
A259787,DOG,S,1,0,MIX THAT LOOKS LIKE A GERM SHEPHERD,TAN,BLACK,52,TRNSFR-EXT,RESCUE GRP,12/11/17,ADOPTION,TIER 3,1/16/18
A258995,CAT,N,0,7,DOMESTIC SH,BLACK,WHITE,107,TRNSFR-EXT,RESCUE GRP,10/17/17,ADOPTION,NEW OWNER,1/17/18
A158427,CAT,S,3,0,HIMALAYAN,PT-CHOCOLA,,7,OWNER SUR,EUTH REQ,1/25/18,EUTH,OWN REQ,1/25/18
A260298,OTHER,N,2,6,RABBIT SH / REX,ALBINO,,7,OWNER SUR,EVALUATION,1/25/18,,,
A260302,DOG,N,0,5,BEAGLE / CAVALIER SPAN,TRICOLOR,,7,OWNER SUR,EVALUATION,1/25/18,ADOPTION,NEW OWNER,1/31/18
A260306,DOG,S,0,5,BEAGLE / CAVALIER SPAN,TRICOLOR,,7,OWNER SUR,EVALUATION,1/25/18,ADOPTION,NEW OWNER,1/31/18
A260296,CAT,U,2,6,DOMESTIC LH,BLACK,WHITE,7,STRAY,FERAL,1/25/18,TRNSFR-EXT,RESCUE GRP,1/31/18
A255913,OTHER,M,0,0.5,MOUSE-DOMESTIC,ALBINO,,272,TRNSFR-EXT,RESCUE GRP,5/5/17,ADOPTION,NEW OWNER,1/19/18
A259808,CAT,N,0,7,DOMESTIC SH,BLACK,WHITE,51,TRNSFR-EXT,RESCUE GRP,12/12/17,ADOPTION,NEW OWNER,1/20/18
A260297,CAT,N,1,0,DOMESTIC SH,BLACK,,7,STRAY,STRAY,1/25/18,,,
A260322,CAT,S,3,0,DOMESTIC SH,TAB MACKRL,BROWN,7,TRNSFR-EXT,RESCUE GRP,1/25/18,ADOPTION,NEW OWNER,1/27/18
A260310,CAT,S,0,9,DOMESTIC SH,TAB MACKRL,ORANGE,7,TRNSFR-EXT,RESCUE GRP,1/25/18,ADOPTION,NEW OWNER,1/27/18
A260321,CAT,N,1,0,DOMESTIC SH,BLACK,WHITE,7,TRNSFR-EXT,RESCUE GRP,1/25/18,ADOPTION,NEW OWNER,1/27/18
A260323,CAT,N,0,6,DOMESTIC SH,TAB MACKRL,ORANGE,7,TRNSFR-EXT,RESCUE GRP,1/25/18,ADOPTION,NEW OWNER,1/27/18
A260315,CAT,N,0,5.5,DOMESTIC SH,BLACK,,7,TRNSFR-EXT,RESCUE GRP,1/25/18,ADOPTION,NEW OWNER,1/27/18
A258885,BIRD,M,0,5,CHICKEN,BLACK,,112,TRNSFR-EXT,RESCUE GRP,10/12/17,ADOPTION,NEW OWNER,1/25/18
A259990,DOG,N,1,6,MIX THAT LOOKS LIKE A AUST CATTLE DOG,RED MERLE,,35,TRNSFR-EXT,RESCUE GRP,12/28/17,EUTH,BEH-OTHER,1/25/18
A260319,CAT,S,0,9,DOMESTIC SH,TORTIE,,7,TRNSFR-EXT,RESCUE GRP,1/25/18,ADOPTION,NEW OWNER,1/27/18
A260309,CAT,N,0,3.8,DOMESTIC SH,TAB MAC WH,GRAY,7,TRNSFR-EXT,RESCUE GRP,1/25/18,ADOPTION,NEW OWNER,1/27/18
A260313,CAT,N,0,9,DOMESTIC SH,BLACK,,7,TRNSFR-EXT,RESCUE GRP,1/25/18,ADOPTION,NEW OWNER,1/30/18
A260305,CAT,S,2,0,DOMESTIC SH,TAB MAC WH,BROWN,7,TRNSFR-EXT,RESCUE GRP,1/25/18,ADOPTION,NEW OWNER,1/31/18
A260312,CAT,N,0,11,DOMESTIC SH,BLACK,WHITE,7,TRNSFR-EXT,RESCUE GRP,1/25/18,ADOPTION,NEW OWNER,1/31/18
A260304,CAT,S,2,0,DOMESTIC SH,TORTIE,,7,TRNSFR-EXT,RESCUE GRP,1/25/18,ADOPTION,NEW OWNER,1/31/18
A260308,CAT,S,0,4,DOMESTIC SH,TAB MAC WH,BROWN,7,TRNSFR-EXT,RESCUE GRP,1/25/18,,,
A260314,CAT,S,6,0,DOMESTIC SH,GRAY,WHITE,7,TRNSFR-EXT,RESCUE GRP,1/25/18,,,
A260320,CAT,S,2,0,DOMESTIC SH,TORTIE,WHITE,7,TRNSFR-EXT,RESCUE GRP,1/25/18,,,
A260316,CAT,N,2,0,DOMESTIC SH,TAB MAC WH,BROWN,7,TRNSFR-EXT,RESCUE GRP,1/25/18,,,
A260318,CAT,N,2,0,DOMESTIC SH,BLACK,WHITE,7,TRNSFR-EXT,RESCUE GRP,1/25/18,,,
A260317,CAT,N,12,0,DOMESTIC SH,WHITE,BROWN,7,TRNSFR-EXT,RESCUE GRP,1/25/18,,,
A260334,CAT,S,16,0,DOMESTIC SH,TORBIE-DIL,WHITE,6,OWNER SUR,EUTH REQ,1/26/18,EUTH,OWN REQ,1/26/18
A260330,BIRD,F,1,0,CHICKEN,BROWN,,6,OWNER SUR,EVALUATION,1/26/18,EUTH,SICK-OTHER,1/26/18
A260333,CAT,N,0,10,DOMESTIC SH,GRAY,WHITE,6,OWNER SUR,EVALUATION,1/26/18,,,
A260331,DOG,N,0,6.5,YORKSHIRE TERR,TAN,BLACK,6,OWNER SUR,EVALUATION,1/26/18,,,
A260182,CAT,N,6,0,DOMESTIC SH,BLACK,WHITE,6,RETURN,ADOPTION,1/26/18,ADOPTION,NEW OWNER,1/28/18
A260183,CAT,N,6,0,DOMESTIC LH,GRAY,WHITE,6,RETURN,ADOPTION,1/26/18,ADOPTION,NEW OWNER,1/28/18
A260074,CAT,N,3,0,DOMESTIC LH,TAB MAC WH,BROWN,6,RETURN,ADOPTION,1/26/18,ADOPTION,NEW OWNER,1/28/18
A260325,DOG,N,9,0,MIX THAT LOOKS LIKE A SILKY TERRIER,GRAY,,6,STRAY,STRAY,1/26/18,RTO,OWNER,1/26/18
A260326,CAT,S,3,0,DOMESTIC LH,BLACK,,6,STRAY,STRAY,1/26/18,,,
A260335,DOG,S,5,0,MIX THAT LOOKS LIKE A STAFFORDSHIRE,BRINDLE,WHITE,6,TRNSFR-EXT,RESCUE GRP,1/26/18,,,
A259826,CAT,N,11,1,DOMESTIC SH,BLACK,WHITE,48,TRNSFR-EXT,RESCUE GRP,12/15/17,ADOPTION,NEW OWNER,1/29/18
A260345,BIRD,U,1,0,DOVE-MOURNING,BROWN,TAN,6,WILDLIFE,WILDLIFE,1/26/18,TRNSFR-EXT,NEWC,1/26/18
A260339,BIRD,U,1,0,TURKEY-WILD,BROWN,BLACK,6,WILDLIFE,WILDLIFE,1/26/18,TRNSFR-EXT,NEWC,1/27/18
A237325,DOG,S,0,3,PIT BULL,BRINDLE,WHITE,5,OWNER SUR,EVALUATION,1/27/18,,,
A260343,DOG,N,5,6,POMERANIAN,TAN,,5,OWNER SUR,EVALUATION,1/27/18,,,
A260348,CAT,S,0,6,DOMESTIC SH,GRAY,WHITE,5,OWNER SUR,HMHL,1/27/18,,,
A259988,DOG,S,0,8,MIX THAT LOOKS LIKE A LABRADOR RETR,TAN,,35,TRNSFR-EXT,RESCUE GRP,12/28/17,,,
A260346,CAT,S,0,2,DOMESTIC SH,TAB MAC WH,GRAY,5,OWNER SUR,HMHL,1/27/18,,,
A260347,CAT,S,0,2,DOMESTIC SH,TAB MAC WH,GRAY,5,OWNER SUR,HMHL,1/27/18,,,
A259883,OTHER,S,2,0,NEW ZEALAND WHT,WHITE,,5,RETURN,ADOPTION,1/27/18,,,
A260341,CAT,N,6,6,DOMESTIC SH,BLACK,,5,STRAY,FERAL,1/27/18,RTF,UNADPTBLE,1/31/18
A260340,CAT,S,5,6,DOMESTIC SH,BLACK,,5,STRAY,FERAL,1/27/18,RTF,UNADPTBLE,1/31/18
A260350,CAT,N,0,7,DOMESTIC LH,BLACK,WHITE,5,STRAY,STRAY,1/27/18,,,
A260344,CAT,S,2,0,DOMESTIC SH,WHITE,BLACK,5,STRAY,STRAY,1/27/18,,,
A260332,DOG,N,7,0,MIX THAT LOOKS LIKE A CHIHUAHUA SH,BLACK,BROWN,5,TRNSFR-EXT,ACO,1/27/18,,,
A260336,CAT,N,1,0,DOMESTIC LH,BLACK,WHITE,5,TRNSFR-EXT,ACO,1/27/18,,,
A260337,CAT,S,3,0,DOMESTIC SH,BLACK,,5,TRNSFR-EXT,ACO,1/27/18,,,
A260351,CAT,S,17,0,DOMESTIC LH,TAB MACKRL,BROWN,4,OWNER SUR,EUTH REQ,1/28/18,EUTH,OWN REQ,1/28/18
A260329,DOG,S,5,0,POODLE STND / LABRADOR RETR,CREAM,,4,STRAY,STRAY,1/28/18,RTO,TAG,1/28/18
A260356,CAT,N,0,9,DOMESTIC SH,BUFF,TAB MACKRL,4,STRAY,STRAY,1/28/18,ADOPTION,NEW OWNER,1/31/18
A260353,CAT,N,0,7,DOMESTIC SH,GRAY,TAB MAC WH,4,STRAY,STRAY,1/28/18,,,
A260352,CAT,S,2,0,DOMESTIC SH,CALICO-DIL,,4,STRAY,STRAY,1/28/18,,,
A260355,CAT,N,0,9,DOMESTIC SH,BROWN,TAB MACKRL,4,STRAY,STRAY,1/28/18,,,
A260357,CAT,N,0,9,DOMESTIC SH,ORANGE,TAB MAC WH,4,STRAY,STRAY,1/28/18,,,
A260354,CAT,N,0,9,DOMESTIC SH,BROWN,TAB MAC WH,4,STRAY,STRAY,1/28/18,,,
A260359,DOG,S,6,0,AMER ESKIMO,WHITE,,3,CONFISCATE,JAIL,1/29/18,,,
A260360,CAT,N,2,0,DOMESTIC SH,BLACK,,3,CONFISCATE,JAIL,1/29/18,,,
A260372,DOG,N,7,0,ENG SPRNGR SPAN,LIVER,WHITE,2,OWNER SUR,EVALUATION,1/30/18,,,
A259809,CAT,N,1,6,DOMESTIC LH,BLACK,WHITE,2,OWNER SUR,EVALUATION,1/30/18,,,
A260364,CAT,S,8,6,DOMESTIC SH,TAB CLS WH,BROWN,2,OWNER SUR,EVALUATION,1/30/18,,,
A259778,DOG,N,0,9,MIX THAT LOOKS LIKE A LABRADOR RETR,BLACK,,52,TRNSFR-EXT,RESCUE GRP,12/11/17,,,
A260270,DOG,N,0,2.5,MIX THAT LOOKS LIKE A AUST SHEPHERD,BLACK,WHITE,2,RETURN,ADOPTION,1/30/18,,,
A260071,CAT,N,2,6,DOMESTIC SH,TAB SPOT,BROWN,2,RETURN,ADOPTION,1/30/18,,,
A260363,CAT,S,2,5,DOMESTIC SH,TORBIE,,2,TRNSFR-EXT,VET CLINIC,1/30/18,,,
A260361,BIRD,U,2,0,OWL-GRT HORNED,BROWN,,2,WILDLIFE,WILDLIFE,1/30/18,TRNSFR-EXT,NEWC,1/30/18
A260388,CAT,N,0,2,DOMESTIC SH,TAB MACKRL,BROWN,1,OWNER SUR,EVALUATION,1/31/18,,,
A260383,DOG,N,1,0,MIX THAT LOOKS LIKE A DACHSHUND,WHITE,BLACK,1,OWNER SUR,EVALUATION,1/31/18,,,
A259725,DOG,S,1,0,MIX THAT LOOKS LIKE A PIT BULL,BRINDLE,WHITE,1,RETURN,ADOPTION,1/31/18,,,
A260382,CAT,S,7,0,DOMESTIC SH,TAB CLS WH,BROWN,1,TRNSFR-EXT,ACO,1/31/18,,,
A260381,DOG,N,1,0,MIX THAT LOOKS LIKE A MASTIFF,BRINDLE,,1,TRNSFR-EXT,ACO,1/31/18,,,
A260379,CAT,N,0,10,DOMESTIC SH,TAB MAC WH,ORANGE,1,TRNSFR-EXT,RESCUE GRP,1/31/18,,,
A260373,CAT,S,1,1,DOMESTIC SH,TAB CLASSI,ORANGE,1,TRNSFR-EXT,RESCUE GRP,1/31/18,,,
A260375,CAT,S,2,0,DOMESTIC SH,TAB MAC WH,BROWN,1,TRNSFR-EXT,RESCUE GRP,1/31/18,,,
A260377,CAT,N,0,8,DOMESTIC SH,BLACK,,1,TRNSFR-EXT,RESCUE GRP,1/31/18,,,
A260378,CAT,N,0,9,DOMESTIC SH,BUFF,,1,TRNSFR-EXT,RESCUE GRP,1/31/18,,,
A260374,CAT,S,5,0,DOMESTIC SH,TORTIE-DIL,,1,TRNSFR-EXT,RESCUE GRP,1/31/18,,,
A260376,CAT,S,5,0,DOMESTIC SH,TAB MAC WH,ORANGE,1,TRNSFR-EXT,RESCUE GRP,1/31/18,,,
A260386,CAT,N,1,6,DOMESTIC SH,TAB MAC WH,BUFF,1,TRNSFR-EXT,VET CLINIC,1/31/18,,,